uce,ominor,obimaculoides,lpealeii,ovulgaris,pcanaliculata
uce-22018,1,1,1,1,.
uce-27538,.,.,1,.,.
uce-20928,.,1,1,1,1
uce-26006,1,1,1,1,.
uce-8346,.,1,.,.,1
uce-27539,1,1,1,1,1
uce-22010,1,1,1,1,.
uce-20920,1,1,1,1,1
uce-20921,1,1,.,1,1
uce-26553,1,1,1,1,.
uce-11267,1,1,1,1,.
uce-20925,.,1,1,1,1
uce-23228,.,1,.,1,.
uce-13975,1,1,1,1,.
uce-17795,1,1,1,1,.
uce-12404,.,1,.,.,1
uce-14659,1,1,1,1,.
uce-7817,.,1,1,1,1
uce-7810,1,1,1,1,1
uce-12064,1,1,1,1,.
uce-15755,.,1,1,1,.
uce-12065,1,1,1,1,.
uce-36002,1,1,1,1,.
uce-33521,1,1,1,1,1
uce-26106,1,1,1,1,.
uce-38257,.,1,1,1,.
uce-33529,1,1,1,1,.
uce-4072,1,1,1,1,.
uce-11661,.,.,.,.,.
uce-11660,.,.,.,.,.
uce-11663,1,1,1,1,.
uce-11662,.,.,.,.,.
uce-35507,1,1,1,1,.
uce-27533,1,1,1,1,.
uce-7253,1,1,1,1,.
uce-7251,1,1,1,1,.
uce-30954,1,1,1,1,.
uce-29669,1,1,1,1,1
uce-17876,1,1,1,1,.
uce-17877,1,1,1,1,.
uce-15638,1,1,1,1,1
uce-32150,.,.,.,.,.
uce-32151,.,.,.,.,.
uce-27150,1,1,1,1,1
uce-32153,.,.,1,.,.
uce-32154,.,.,1,.,.
uce-27157,1,1,1,1,.
uce-21478,1,.,1,1,1
uce-31600,1,1,1,1,.
uce-14725,.,1,1,1,1
uce-31602,1,1,1,1,.
uce-39322,1,1,1,1,.
uce-28859,.,.,.,.,.
uce-27024,.,1,1,1,1
uce-36135,1,1,1,1,.
uce-24444,1,1,1,1,1
uce-20957,1,1,1,1,.
uce-33942,.,.,1,.,.
uce-677,.,.,.,.,.
uce-13394,.,1,1,1,1
uce-24448,1,1,1,1,1
uce-11065,1,1,1,1,.
uce-3047,1,1,1,1,1
uce-2263,.,.,.,.,1
uce-2264,.,.,.,.,.
uce-2265,.,.,.,.,.
uce-29401,1,1,.,1,1
uce-3821,1,1,1,1,1
uce-2269,1,1,1,1,.
uce-19352,1,.,.,.,.
uce-20658,1,1,1,1,.
uce-4853,1,1,1,1,.
uce-29793,1,1,1,1,.
uce-4857,1,1,1,1,.
uce-10579,1,1,1,1,.
uce-26771,1,1,1,1,1
uce-15247,1,1,1,1,.
uce-26772,1,1,1,1,1
uce-29881,1,1,1,1,.
uce-29886,1,1,1,1,.
uce-22275,.,.,.,.,.
uce-29885,1,1,1,1,.
uce-37351,1,1,1,1,.
uce-723,1,1,1,1,.
uce-16272,.,.,.,.,.
uce-16271,.,.,.,.,.
uce-16270,.,.,.,.,.
uce-8656,.,1,1,1,1
uce-4109,.,.,.,.,.
uce-29067,1,1,1,1,.
uce-821,.,1,1,1,1
uce-36006,.,1,1,1,1
uce-2407,1,1,1,1,1
uce-2401,1,1,1,1,.
uce-35112,1,1,1,1,1
uce-6115,1,1,1,1,1
uce-168,1,1,1,1,1
uce-40090,.,.,.,.,.
uce-9695,1,1,1,1,.
uce-40093,1,1,1,1,.
uce-40726,1,1,1,1,.
uce-27838,1,1,1,1,1
uce-21096,1,1,1,1,.
uce-40099,1,1,1,1,1
uce-38767,1,1,1,1,1
uce-17457,1,1,1,1,1
uce-3911,1,1,1,1,.
uce-27830,1,1,1,1,1
uce-3912,1,1,1,1,.
uce-12360,1,1,1,1,.
uce-3066,1,1,1,1,.
uce-20782,1,1,1,1,1
uce-22640,1,1,1,1,.
uce-20780,1,1,1,1,1
uce-21656,1,1,1,1,.
uce-27192,1,1,1,1,1
uce-4206,.,.,.,.,.
uce-31829,1,1,1,1,1
uce-28421,.,.,.,.,.
uce-2061,1,1,1,1,.
uce-9746,1,1,1,1,.
uce-6030,1,1,1,1,.
uce-17866,1,1,1,1,1
uce-32446,1,1,1,1,1
uce-14904,1,1,1,1,.
uce-1152,1,1,1,1,1
uce-2318,1,1,1,1,1
uce-1567,1,1,.,1,1
uce-6348,1,1,1,1,.
uce-34707,.,1,1,1,1
uce-8836,1,1,1,1,.
uce-34705,1,1,1,1,.
uce-1561,1,1,1,1,1
uce-28751,1,1,1,1,.
uce-9524,1,1,1,1,.
uce-2088,1,1,1,1,.
uce-22662,1,1,1,1,1
uce-22660,.,.,1,.,.
uce-24931,1,1,1,1,.
uce-25159,.,1,1,1,1
uce-26336,1,1,1,1,1
uce-20434,1,1,1,1,.
uce-20435,1,1,1,1,.
uce-36459,1,1,1,1,1
uce-25157,1,1,1,1,.
uce-2084,1,1,1,1,1
uce-16753,1,1,1,1,.
uce-2086,.,1,1,1,1
uce-39967,1,1,1,1,1
uce-24750,1,1,1,1,.
uce-6298,1,1,1,1,.
uce-22234,.,1,1,1,1
uce-5204,1,1,1,1,1
uce-19992,1,1,.,1,1
uce-27948,1,1,1,1,.
uce-20606,.,.,.,.,.
uce-6729,1,1,1,1,.
uce-1410,1,1,1,1,1
uce-38362,1,1,1,1,.
uce-1419,1,1,1,1,.
uce-7760,1,1,1,1,1
uce-28689,1,1,1,1,.
uce-28688,1,1,1,1,1
uce-39364,1,1,1,1,.
uce-1980,.,.,.,.,.
uce-13298,1,1,1,1,1
uce-14012,1,1,1,1,.
uce-2880,1,1,1,1,.
uce-31176,1,1,1,1,1
uce-31175,1,1,1,1,1
uce-31174,1,1,1,1,1
uce-31173,1,1,1,1,1
uce-17608,1,1,1,1,.
uce-31171,1,1,1,1,1
uce-26949,.,1,1,1,1
uce-21267,1,1,1,1,1
uce-21264,1,1,1,1,1
uce-21263,1,1,1,1,1
uce-17603,1,1,1,1,1
uce-13565,1,1,1,1,.
uce-13567,.,.,1,.,1
uce-13561,.,1,1,1,1
uce-37616,1,1,1,1,.
uce-11820,1,1,1,1,1
uce-3359,1,1,.,1,1
uce-33994,1,1,1,1,.
uce-33993,1,1,1,1,1
uce-12180,1,1,1,1,.
uce-24639,.,.,1,.,.
uce-38509,1,1,1,1,.
uce-39106,1,1,1,1,1
uce-34679,.,1,1,1,1
uce-30300,.,1,1,1,.
uce-31289,1,1,.,1,1
uce-32553,1,1,1,1,.
uce-38989,1,1,1,1,.
uce-18151,.,1,1,1,1
uce-31287,1,1,1,1,1
uce-31286,1,1,1,1,1
uce-34676,.,.,.,.,1
uce-18486,1,1,1,1,1
uce-39297,.,1,1,1,1
uce-38292,1,1,1,1,.
uce-25308,1,1,1,1,.
uce-25305,1,1,1,1,1
uce-34072,1,1,1,1,.
uce-8120,1,1,1,1,.
uce-10723,1,1,.,1,.
uce-21867,1,1,1,1,.
uce-18774,1,1,1,1,.
uce-21314,1,1,1,1,.
uce-3126,1,1,1,1,.
uce-21868,1,1,1,1,.
uce-22689,1,1,1,1,1
uce-22688,1,1,1,1,1
uce-12983,1,1,1,1,.
uce-392,1,1,1,1,.
uce-38590,1,1,1,1,1
uce-12986,1,1,1,1,1
uce-33862,.,1,1,1,1
uce-1740,.,.,.,.,.
uce-1741,.,.,.,.,1
uce-22685,1,1,1,1,.
uce-4291,1,1,1,1,.
uce-22687,1,1,1,1,.
uce-13109,1,1,1,1,1
uce-13630,1,1,1,1,1
uce-16062,1,1,1,1,.
uce-19605,.,1,1,1,1
uce-4290,1,1,1,1,.
uce-13635,1,1,1,1,1
uce-18734,1,1,1,1,1
uce-18735,1,1,1,1,.
uce-18736,1,1,1,1,.
uce-18730,1,1,1,1,.
uce-18731,1,1,1,1,.
uce-39742,1,1,.,1,1
uce-18733,1,1,1,1,1
uce-5085,1,1,1,1,.
uce-31593,.,.,1,.,.
uce-31592,.,.,1,.,.
uce-22950,1,1,.,1,1
uce-31599,1,1,1,1,.
uce-6018,1,1,1,1,.
uce-5089,1,.,1,1,.
uce-11850,1,1,1,1,.
uce-25411,1,1,1,1,1
uce-25410,1,1,1,1,1
uce-25412,1,1,1,1,.
uce-25415,1,1,1,1,.
uce-25414,.,1,1,1,.
uce-14233,1,1,1,1,1
uce-14232,.,1,1,1,1
uce-25419,1,1,1,1,.
uce-36456,1,1,1,1,1
uce-31352,1,1,1,1,1
uce-16412,.,.,.,.,.
uce-17026,.,1,.,1,.
uce-36818,1,1,1,1,1
uce-17023,1,1,1,.,.
uce-17022,1,1,1,.,.
uce-16513,1,1,1,1,1
uce-13030,1,1,1,1,.
uce-36816,1,1,1,1,.
uce-36811,1,1,1,1,.
uce-13037,1,1,1,1,.
uce-36813,1,.,1,1,.
uce-36812,.,.,.,.,.
uce-27307,1,1,1,1,.
uce-27306,1,1,1,.,1
uce-19518,1,1,1,1,.
uce-27303,1,1,1,1,.
uce-19048,1,1,1,1,.
uce-12764,1,1,1,1,1
uce-35974,1,1,1,1,.
uce-27308,1,1,1,1,.
uce-12273,1,1,1,1,1
uce-33604,.,.,.,.,.
uce-33603,.,1,1,1,1
uce-3940,.,.,.,.,.
uce-32734,1,1,1,1,.
uce-32735,1,1,1,1,1
uce-8337,1,1,1,1,.
uce-32730,1,1,.,1,1
uce-15634,1,1,1,1,.
uce-32732,1,1,1,1,.
uce-15290,1,1,1,1,1
uce-15292,1,1,1,1,1
uce-15295,1,1,1,1,.
uce-15488,1,1,1,1,.
uce-14340,1,1,1,1,.
uce-32774,1,1,1,1,.
uce-11298,1,1,1,1,1
uce-11299,1,1,1,1,1
uce-10459,1,1,1,1,.
uce-10458,1,1,1,1,1
uce-29708,1,1,1,1,.
uce-11986,1,1,1,1,.
uce-27234,1,1,1,1,.
uce-27155,1,1,1,1,.
uce-8920,1,1,1,1,.
uce-33648,1,1,1,1,1
uce-22069,1,1,.,1,1
uce-27548,1,1,1,1,.
uce-26544,1,1,1,1,1
uce-535,1,1,1,1,.
uce-22064,1,1,1,1,1
uce-27547,1,1,1,1,1
uce-536,1,1,1,1,.
uce-27541,1,1,.,1,1
uce-11277,1,1,1,1,.
uce-10097,1,1,1,1,.
uce-31768,.,1,1,1,1
uce-19467,.,1,1,1,1
uce-31767,.,1,1,1,1
uce-7805,1,1,1,1,.
uce-36030,1,1,1,1,.
uce-19147,.,1,1,1,1
uce-19461,1,1,1,1,.
uce-27784,1,1,1,1,.
uce-35146,.,.,.,.,1
uce-15743,1,1,1,1,.
uce-19246,1,1,1,1,.
uce-23493,1,1,1,1,.
uce-21704,1,1,1,1,1
uce-11182,1,1,1,1,.
uce-12436,1,1,1,1,.
uce-11184,1,1,1,1,1
uce-15748,1,1,1,1,.
uce-15749,1,1,1,1,.
uce-4044,1,1,1,1,.
uce-4045,1,1,1,1,1
uce-4040,1,1,1,1,1
uce-4041,1,1,1,1,.
uce-5063,1,1,1,1,1
uce-25630,1,1,.,1,1
uce-19140,1,1,1,1,1
uce-14469,1,1,1,1,.
uce-30963,.,.,.,.,.
uce-38067,1,1,1,1,.
uce-28863,1,1,1,1,.
uce-18703,.,.,.,.,.
uce-30965,.,.,.,.,.
uce-30964,.,.,.,.,.
uce-30969,.,.,.,.,.
uce-30968,.,.,.,.,.
uce-26306,1,1,.,1,1
uce-14738,1,1,1,1,.
uce-15601,1,1,1,1,.
uce-15737,1,1,1,1,.
uce-32128,.,.,.,.,.
uce-27169,.,.,.,.,.
uce-27168,.,.,.,.,1
uce-27167,.,.,1,.,.
uce-32127,.,.,.,.,.
uce-27161,1,1,1,1,.
uce-27160,1,1,1,1,.
uce-8797,1,1,1,1,.
uce-4629,1,1,1,1,.
uce-8793,1,1,1,1,.
uce-3694,.,1,1,1,1
uce-33468,1,1,1,1,.
uce-4622,1,1,1,1,1
uce-27495,1,1,1,1,1
uce-9933,1,1,1,1,.
uce-24075,1,1,.,1,1
uce-3102,1,1,1,1,1
uce-24457,1,1,1,1,.
uce-24454,1,1,1,1,1
uce-24452,1,1,1,1,.
uce-3104,1,1,1,1,.
uce-39189,.,.,.,.,1
uce-11074,1,1,1,1,1
uce-3459,1,1,1,1,1
uce-39475,.,.,.,.,.
uce-9826,1,1,.,1,1
uce-11072,1,1,1,1,1
uce-11073,1,1,1,1,1
uce-40402,1,1,1,1,.
uce-40406,.,1,1,1,1
uce-40405,1,1,.,1,1
uce-8029,1,1,1,1,1
uce-1979,.,.,.,.,.
uce-3851,1,1,1,1,.
uce-3852,1,1,1,1,.
uce-26163,1,1,1,1,.
uce-4824,1,1,1,1,.
uce-714,1,1,1,1,.
uce-26769,1,1,1,1,.
uce-711,1,1,1,1,1
uce-713,1,1,1,1,.
uce-712,1,1,1,1,.
uce-26763,1,1,1,1,.
uce-3488,.,1,1,1,1
uce-26766,1,1,1,1,.
uce-28860,.,.,.,.,.
uce-36246,1,1,1,1,.
uce-17279,1,1,1,1,.
uce-18837,.,.,1,.,1
uce-11144,.,.,1,.,.
uce-18835,1,1,1,1,.
uce-14829,1,1,1,1,.
uce-15511,1,1,.,1,1
uce-14825,1,1,1,1,.
uce-14826,.,.,.,.,1
uce-14827,.,.,.,.,.
uce-22209,1,1,1,1,.
uce-2672,1,1,1,1,.
uce-37344,1,1,1,1,.
uce-18838,.,.,1,.,.
uce-31906,1,1,1,1,1
uce-31907,1,1,1,1,1
uce-31904,1,.,1,.,.
uce-31905,1,1,1,1,1
uce-31902,1,1,1,1,.
uce-31903,1,.,1,.,1
uce-23072,1,1,.,1,1
uce-7241,1,1,1,1,.
uce-7240,1,1,1,1,.
uce-7243,1,1,1,1,.
uce-7244,.,1,.,1,.
uce-7247,.,1,1,1,1
uce-26961,1,1,1,1,.
uce-2417,.,.,.,.,1
uce-2416,1,1,1,1,.
uce-17277,.,1,1,1,1
uce-2410,1,1,1,1,.
uce-4110,.,.,.,.,1
uce-6196,1,1,1,1,.
uce-6194,1,1,1,1,.
uce-2418,1,1,1,1,.
uce-30748,1,1,1,1,1
uce-21085,1,1,1,1,.
uce-33057,1,1,1,1,.
uce-27825,.,1,1,1,1
uce-38772,1,1,1,1,.
uce-30507,1,1,1,1,.
uce-33050,1,1,1,1,1
uce-9688,1,1,1,1,.
uce-661,1,1,1,1,.
uce-18909,1,1,1,1,1
uce-667,1,1,1,1,.
uce-12375,.,1,1,1,1
uce-22513,1,1,1,1,.
uce-17996,.,1,1,1,1
uce-18907,1,1,1,1,1
uce-18906,1,1,1,1,1
uce-36429,1,1,1,1,.
uce-18904,1,1,1,1,1
uce-23109,1,1,1,1,.
uce-14912,1,1,.,1,1
uce-9756,1,1,1,1,.
uce-2073,1,1,1,1,.
uce-3070,1,1,1,1,.
uce-15997,1,1,1,1,.
uce-35828,1,1,1,1,1
uce-3074,1,1,1,1,.
uce-32838,1,1,1,1,.
uce-9538,1,1,1,1,1
uce-34712,1,1,1,1,.
uce-6377,1,1,1,1,.
uce-40571,.,.,.,.,.
uce-40570,.,.,.,.,.
uce-6372,.,.,.,.,1
uce-6371,.,.,.,.,.
uce-29344,1,.,1,1,1
uce-29347,1,1,1,1,.
uce-30401,.,1,1,1,1
uce-29343,1,.,1,1,1
uce-29342,.,1,.,1,.
uce-29349,1,1,1,1,.
uce-1699,1,1,1,1,.
uce-38174,1,1,1,1,.
uce-1977,1,1,1,1,.
uce-10851,1,1,1,1,1
uce-22614,.,.,1,.,.
uce-1973,1,1,1,1,1
uce-1972,1,1,1,1,.
uce-28691,1,1,1,1,1
uce-28692,1,1,.,1,1
uce-27959,1,1,.,1,1
uce-10859,1,1,1,1,.
uce-32430,1,1,1,1,1
uce-6212,1,1,1,1,.
uce-8932,1,1,1,1,1
uce-1407,.,.,.,.,.
uce-32908,1,1,.,1,1
uce-6758,.,.,.,.,1
uce-7427,.,1,1,1,1
uce-31717,1,1,1,1,1
uce-1402,.,1,1,1,1
uce-1409,1,1,1,1,1
uce-1408,.,.,.,.,.
uce-6976,1,1,1,1,1
uce-29790,1,1,1,1,.
uce-14008,1,1,1,1,1
uce-38193,1,1,.,1,1
uce-6603,.,1,1,1,1
uce-38191,.,1,1,1,.
uce-5299,1,1,1,1,.
uce-34406,1,1,1,1,1
uce-10667,1,1,1,1,.
uce-6328,1,1,1,1,1
uce-30571,1,1,.,1,.
uce-38012,1,1,1,1,.
uce-2898,1,1,1,1,.
uce-10932,1,1,1,1,1
uce-24857,1,1,1,1,.
uce-29840,1,1,1,1,.
uce-18794,1,1,1,1,.
uce-1951,.,.,1,.,.
uce-33088,1,1,1,1,.
uce-16185,1,1,1,1,.
uce-16181,1,1,1,1,.
uce-38510,1,1,1,1,.
uce-38511,1,1,1,1,.
uce-36604,1,1,1,1,1
uce-15263,1,1,1,1,.
uce-32509,1,1,1,1,1
uce-22104,.,.,1,.,.
uce-34340,1,1,1,1,1
uce-1197,1,1,1,1,.
uce-38994,1,1,1,1,.
uce-6584,1,1,1,1,.
uce-7517,1,1,1,1,.
uce-18121,1,1,1,1,.
uce-483,1,1,1,1,.
uce-34662,1,1,.,1,.
uce-10322,.,1,1,1,1
uce-35047,1,1,1,1,.
uce-35046,1,1,1,1,1
uce-31453,1,1,1,1,.
uce-1357,.,1,1,1,.
uce-1356,1,1,1,1,.
uce-6400,.,.,1,.,.
uce-22274,.,.,.,.,.
uce-14138,1,1,1,1,1
uce-20235,1,1,1,1,1
uce-20232,.,1,.,1,1
uce-25310,1,1,1,1,.
uce-26385,1,1,1,1,.
uce-10734,.,.,1,.,.
uce-898,1,1,.,1,1
uce-13138,.,1,1,1,1
uce-28942,.,1,1,1,.
uce-10733,.,.,1,.,.
uce-16452,1,1,1,1,.
uce-890,1,1,1,1,.
uce-891,1,1,1,1,.
uce-897,1,1,.,1,.
uce-16698,1,1,1,1,.
uce-33879,1,1,.,1,1
uce-15682,1,.,1,1,.
uce-18544,1,1,1,1,.
uce-19016,1,1,1,1,.
uce-33876,.,.,.,.,1
uce-33873,1,1,1,1,.
uce-33724,.,.,.,.,1
uce-33726,.,.,.,.,.
uce-13646,1,1,1,1,.
uce-870,1,1,1,1,1
uce-36934,1,1,1,1,1
uce-35623,1,1,1,1,.
uce-17517,.,.,.,.,.
uce-5096,.,.,.,.,.
uce-8562,.,.,.,.,1
uce-15351,1,1,1,1,.
uce-15350,1,1,1,1,1
uce-15352,1,1,1,1,1
uce-15355,1,1,1,1,1
uce-15356,1,1,1,1,1
uce-18503,.,.,1,.,1
uce-24137,1,1,.,1,.
uce-7080,1,1,.,1,1
uce-10596,1,1,1,1,.
uce-30193,1,1,1,1,.
uce-8066,1,1,1,1,.
uce-31343,1,1,1,1,.
uce-25406,1,1,1,1,.
uce-23679,1,1,1,1,.
uce-24595,1,1,1,1,.
uce-23677,1,1,1,1,.
uce-25408,1,1,1,1,.
uce-25409,1,1,1,1,1
uce-14229,.,1,1,1,1
uce-30356,.,1,1,1,1
uce-16528,1,1,1,1,1
uce-36806,1,1,1,1,1
uce-26990,1,1,.,1,1
uce-13005,1,1,1,1,1
uce-36805,1,1,1,1,1
uce-17038,1,1,.,1,.
uce-40136,1,1,1,1,.
uce-10208,.,1,1,1,1
uce-12774,.,.,1,1,1
uce-38782,1,1,1,1,1
uce-39645,.,1,1,1,.
uce-18054,.,.,.,1,.
uce-19298,1,1,1,1,.
uce-4453,1,1,1,1,1
uce-4452,1,1,1,1,.
uce-19296,1,1,1,1,.
uce-19297,1,1,1,1,.
uce-19290,1,1,1,1,.
uce-14359,1,1,1,1,1
uce-5478,1,1,1,1,.
uce-5476,1,1,1,1,.
uce-5477,1,1,1,1,.
uce-5471,1,1,1,1,.
uce-18350,.,1,1,1,1
uce-9192,1,1,.,1,1
uce-10441,1,1,1,1,.
uce-12695,1,1,1,1,.
uce-19616,1,1,1,1,.
uce-19617,.,1,1,1,1
uce-26577,1,1,1,1,.
uce-26576,1,1,1,1,.
uce-26575,1,1,1,1,.
uce-26571,1,1,1,1,.
uce-22079,1,1,1,1,.
uce-27557,1,1,1,1,.
uce-27554,.,.,.,.,1
uce-27555,.,.,.,.,1
uce-22072,.,.,.,.,.
uce-22073,.,.,.,.,.
uce-27550,1,1,1,1,1
uce-27551,1,1,1,1,1
uce-8495,1,1,1,1,.
uce-7833,.,.,1,1,.
uce-5986,1,1,1,1,.
uce-8496,1,1,1,1,1
uce-31757,.,.,.,.,.
uce-27799,1,1,1,1,1
uce-31755,.,.,.,.,.
uce-31754,.,.,.,.,.
uce-27796,1,1,1,1,.
uce-31758,.,.,1,.,.
uce-8499,1,1,1,1,.
uce-15774,1,1,1,1,1
uce-34871,.,1,1,1,1
uce-5691,1,1,1,1,1
uce-32057,1,1,1,1,1
uce-24594,1,1,1,1,.
uce-24593,1,1,1,1,.
uce-34877,1,1,1,1,.
uce-7994,1,1,1,1,1
uce-23485,.,.,.,.,.
uce-32058,1,1,1,1,.
uce-4056,1,1,1,1,.
uce-25628,1,1,1,1,.
uce-5433,.,.,.,.,.
uce-27211,.,.,.,.,.
uce-25621,1,1,.,1,1
uce-25626,1,1,1,.,1
uce-25627,1,1,1,1,1
uce-25625,1,1,1,.,1
uce-30974,.,1,1,1,1
uce-4902,1,1,.,1,1
uce-30970,1,1,1,1,.
uce-4906,1,1,1,1,.
uce-33846,1,1,1,1,1
uce-31187,1,1,1,1,.
uce-17851,1,1,1,1,1
uce-8789,1,1,1,1,1
uce-15615,1,1,1,1,.
uce-15616,1,1,1,1,1
uce-15617,1,1,1,1,.
uce-14749,1,1,1,1,.
uce-15612,1,1,1,1,.
uce-15613,1,1,1,1,1
uce-16857,1,1,1,1,.
uce-37975,1,1,1,1,.
uce-14743,.,1,1,1,1
uce-27480,1,1,1,1,1
uce-9694,1,1,1,1,1
uce-12515,1,1,1,1,1
uce-26917,1,1,1,1,1
uce-36116,1,1,1,1,.
uce-12511,1,1,1,1,1
uce-36119,1,1,1,1,.
uce-24460,1,1,1,1,1
uce-20428,1,1,1,1,1
uce-21239,1,1,1,1,1
uce-38487,1,1,1,1,.
uce-11084,1,1,1,1,.
uce-12167,1,1,1,1,1
uce-24663,.,1,1,1,1
uce-19491,.,1,1,1,1
uce-16980,1,1,1,1,1
uce-40727,1,1,1,1,1
uce-26344,1,.,.,.,1
uce-17589,1,1,1,1,.
uce-3846,1,1,1,1,1
uce-40725,1,1,1,1,.
uce-33389,1,1,1,1,.
uce-3842,1,1,1,1,.
uce-17580,1,1,1,1,1
uce-25886,1,1,1,1,.
uce-701,.,1,1,1,.
uce-25880,1,1,.,1,1
uce-26340,1,1,1,1,1
uce-15503,1,1,1,1,.
uce-36231,1,1,1,1,1
uce-36230,1,1,.,1,1
uce-1946,1,1,1,1,.
uce-25889,1,1,1,1,1
uce-32222,1,1,.,1,1
uce-35903,.,.,1,.,.
uce-40729,.,1,1,1,1
uce-32226,1,1,1,1,.
uce-35907,1,1,1,1,1
uce-2644,.,.,.,.,.
uce-32225,1,1,1,1,.
uce-12202,1,1,1,1,.
uce-27831,1,1,1,1,1
uce-35908,1,.,1,1,1
uce-32229,.,1,1,1,1
uce-13535,1,1,1,1,.
uce-36695,.,.,.,.,.
uce-25606,1,1,.,1,.
uce-26689,.,1,1,1,.
uce-7239,1,1,1,1,.
uce-14699,.,1,.,.,.
uce-14698,.,1,1,1,1
uce-10491,1,1,.,1,1
uce-14692,1,1,1,1,.
uce-3207,.,.,1,.,.
uce-3206,1,1,1,1,.
uce-28598,.,1,1,1,1
uce-14484,.,.,.,.,1
uce-25088,1,1,1,1,.
uce-40702,1,1,1,1,.
uce-25083,1,1,1,1,.
uce-27812,1,1,1,1,.
uce-27810,1,1,1,1,.
uce-33066,1,1,.,1,.
uce-33065,1,1,1,1,.
uce-16468,1,1,1,1,1
uce-38646,1,1,1,1,1
uce-27819,1,1,1,1,.
uce-38748,1,1,1,1,1
uce-30750,1,1,.,1,1
uce-40811,.,.,.,.,1
uce-12347,.,1,1,1,1
uce-30999,.,1,1,1,1
uce-652,1,1,1,1,.
uce-678,1,1,1,1,.
uce-16321,1,1,1,.,1
uce-30993,1,1,1,1,.
uce-30990,1,1,1,1,.
uce-675,1,1,1,1,1
uce-36149,.,.,.,.,1
uce-38232,1,1,1,1,.
uce-40384,1,1,1,1,.
uce-40385,.,1,1,1,.
uce-28915,1,1,1,1,.
uce-16825,.,.,1,.,.
uce-28912,1,1,.,1,.
uce-12368,1,1,1,1,1
uce-29424,1,1,1,1,.
uce-23113,1,1,1,1,.
uce-15986,1,1,1,1,.
uce-23111,1,1,1,1,.
uce-24919,.,1,1,1,1
uce-7769,1,1,1,1,.
uce-40569,.,.,.,.,.
uce-16090,1,1,1,1,.
uce-40564,.,.,1,.,.
uce-40565,.,.,.,.,.
uce-40566,.,.,.,.,.
uce-40567,.,.,.,.,.
uce-24914,1,1,1,1,1
uce-9031,1,1,1,1,1
uce-29354,1,1,1,1,1
uce-9037,1,.,.,.,.
uce-7560,1,1,1,1,.
uce-9039,1,1,1,1,.
uce-37744,1,1,1,1,.
uce-7564,.,.,1,.,.
uce-7565,.,.,1,.,.
uce-36697,.,.,.,.,1
uce-36696,.,.,.,.,.
uce-16060,1,1,1,1,.
uce-14676,1,1,1,1,.
uce-36692,1,1,1,1,1
uce-21741,1,1,1,1,.
uce-21740,1,1,1,1,1
uce-16069,1,1,1,1,.
uce-21745,1,1,1,1,.
uce-18345,1,1,1,1,.
uce-28420,.,.,.,.,.
uce-8921,1,1,1,1,.
uce-38342,.,.,1,.,1
uce-38341,.,.,.,.,.
uce-38340,.,.,.,.,.
uce-14672,1,1,1,1,.
uce-38699,1,1,1,1,1
uce-23808,1,1,1,1,.
uce-23202,1,1,1,1,.
uce-19749,1,1,1,1,.
uce-23800,1,1,1,1,1
uce-7874,1,1,1,1,.
uce-4773,.,1,.,1,1
uce-38971,1,1,1,1,.
uce-9255,1,1,1,1,.
uce-3556,1,1,1,1,.
uce-21240,1,1,1,1,1
uce-21241,1,1,1,1,.
uce-265,1,1,1,1,.
uce-264,1,1,1,1,.
uce-22997,1,1,1,1,.
uce-15262,1,1,1,1,.
uce-13348,1,1,1,1,.
uce-18222,.,1,1,1,.
uce-36769,1,1,.,1,1
uce-3067,1,1,1,1,1
uce-19884,.,1,1,1,1
uce-30283,1,1,1,1,.
uce-1694,1,1,1,1,1
uce-1696,1,1,1,1,1
uce-29268,.,1,1,1,1
uce-38526,.,1,1,1,1
uce-28545,1,1,.,1,1
uce-8819,1,1,1,1,.
uce-33548,1,1,1,1,.
uce-32504,1,1,1,1,1
uce-6132,1,1,1,1,.
uce-8810,1,1,1,1,.
uce-36565,1,1,1,1,1
uce-1501,1,1,1,1,1
uce-8817,1,1,.,1,.
uce-35058,1,1,1,1,.
uce-34690,.,1,1,1,1
uce-18139,1,1,1,1,.
uce-35055,1,1,1,1,1
uce-14106,1,1,1,1,.
uce-31024,.,.,1,.,.
uce-34507,1,1,1,1,1
uce-34506,1,1,1,1,.
uce-1562,1,1,1,1,1
uce-1328,1,1,1,1,.
uce-34052,1,1,1,1,1
uce-28007,1,1,1,1,1
uce-6414,1,1,1,1,1
uce-17137,1,1,1,1,1
uce-30212,1,1,1,1,.
uce-17130,1,1,1,1,1
uce-30219,1,1,1,1,1
uce-16446,1,1,1,1,.
uce-24268,.,1,1,1,1
uce-33881,.,1,1,1,1
uce-16688,1,1,1,1,.
uce-33884,1,1,1,1,.
uce-34185,1,1,1,1,1
uce-38236,.,.,.,.,.
uce-38235,.,.,.,.,.
uce-38234,.,.,1,.,.
uce-34180,.,1,1,1,1
uce-38231,.,1,1,1,1
uce-38230,.,1,1,1,1
uce-15187,1,1,1,1,1
uce-15180,.,1,1,1,1
uce-15182,.,.,1,.,.
uce-15183,.,.,1,.,.
uce-849,1,1,1,1,1
uce-12714,1,1,1,1,.
uce-19336,1,1,1,1,1
uce-15340,1,1,.,1,.
uce-15341,.,.,.,.,.
uce-24122,1,1,1,1,.
uce-38834,1,1,1,1,.
uce-25437,1,1,1,1,.
uce-17008,.,1,.,1,1
uce-19906,1,1,1,.,1
uce-7745,1,1,1,1,.
uce-23668,1,1,1,1,1
uce-23669,1,1,1,1,.
uce-25430,1,1,1,1,.
uce-17007,1,1,1,1,1
uce-13010,1,1,1,1,.
uce-26177,.,1,1,1,1
uce-30321,1,1,1,1,1
uce-282,1,1,1,1,.
uce-16537,1,1,1,1,.
uce-37412,1,1,1,1,.
uce-16539,1,1,1,1,1
uce-36839,1,1,.,1,.
uce-24796,1,1,1,1,.
uce-37415,1,1,1,1,.
uce-19063,1,1,1,1,1
uce-10274,1,1,1,1,.
uce-12741,.,1,1,1,1
uce-12740,1,1,1,1,1
uce-19067,1,1,1,1,.
uce-33668,1,1,1,1,1
uce-19065,1,1,1,1,1
uce-19064,1,1,1,1,1
uce-31339,1,1,1,1,1
uce-19069,1,1,1,1,1
uce-19068,1,1,1,1,.
uce-3324,1,1,1,1,.
uce-39656,1,1,1,1,.
uce-39657,1,1,1,1,.
uce-693,1,1,1,1,1
uce-32152,.,.,.,.,.
uce-39658,1,1,1,1,.
uce-21696,1,1,1,1,.
uce-16530,1,1,1,1,1
uce-39848,.,1,1,1,1
uce-21695,1,1,1,1,1
uce-14368,1,1,1,1,.
uce-10092,1,1,1,1,.
uce-25501,1,1,1,1,1
uce-25500,1,1,1,.,1
uce-31245,1,1,.,1,1
uce-26988,.,1,1,1,1
uce-14361,1,1,1,1,1
uce-10545,.,.,.,.,1
uce-2490,1,1,1,1,1
uce-17318,1,1,.,1,1
uce-19660,1,1,1,1,.
uce-18340,1,1,1,1,1
uce-10309,.,.,.,.,.
uce-10308,.,.,.,.,.
uce-20977,.,.,.,.,.
uce-22046,1,1,1,1,.
uce-27940,1,1,1,1,.
uce-10303,.,1,1,1,1
uce-4226,1,1,1,1,.
uce-10307,.,.,.,.,1
uce-10306,1,1,.,1,1
uce-27763,1,1,1,1,1
uce-31741,1,1,1,1,.
uce-31743,1,1,1,1,.
uce-27769,.,.,.,.,.
uce-24583,.,.,1,.,.
uce-24584,.,.,1,.,.
uce-13153,1,1,1,1,1
uce-27944,1,1,1,1,.
uce-34862,.,1,1,1,1
uce-32047,.,.,.,.,.
uce-12697,1,1,1,1,.
uce-5680,.,.,1,.,.
uce-12691,.,.,.,.,.
uce-12690,.,.,.,.,1
uce-12693,1,1,1,1,.
uce-5689,1,1,1,1,.
uce-12698,1,1,1,1,.
uce-32048,.,.,.,.,.
uce-32049,.,.,.,.,.
uce-5512,1,1,.,1,1
uce-5042,.,1,1,1,1
uce-27368,1,1,1,1,.
uce-32529,1,1,.,1,1
uce-26985,1,1,1,1,1
uce-36201,1,1,.,1,.
uce-20809,1,1,1,1,.
uce-17829,1,1,1,1,1
uce-17828,1,1,1,1,1
uce-465,.,.,.,.,.
uce-21409,1,1,1,1,1
uce-17825,1,1,1,1,1
uce-20803,.,1,1,1,1
uce-26365,.,.,.,.,1
uce-2193,.,.,1,.,.
uce-26363,.,1,.,.,.
uce-20807,1,1,1,1,1
uce-20806,1,1,1,1,.
uce-32103,1,1,1,1,.
uce-32102,1,1,1,1,1
uce-13837,1,1,1,1,.
uce-13838,1,1,1,1,.
uce-37961,1,1,1,1,1
uce-26700,1,1,1,1,.
uce-19089,1,1,1,1,.
uce-1412,1,1,1,1,.
uce-24478,1,1,1,1,.
uce-36162,1,1,1,1,.
uce-24477,1,1,1,1,1
uce-24470,.,1,1,1,.
uce-24471,.,1,1,1,1
uce-4330,1,1,1,1,1
uce-4331,1,1,.,1,1
uce-24678,1,1,1,1,1
uce-1411,1,1,1,1,.
uce-23581,1,1,1,1,1
uce-4335,1,1,1,1,1
uce-4336,1,1,.,1,1
uce-3471,1,1,1,1,.
uce-9808,.,1,1,1,1
uce-24677,1,1,1,1,.
uce-30378,.,1,1,1,.
uce-26180,1,1,1,1,1
uce-7350,1,1,1,1,.
uce-26186,1,1,.,.,1
uce-29747,1,1,.,1,1
uce-2733,1,1,1,1,1
uce-3656,1,1,1,1,.
uce-3309,1,1,1,1,1
uce-12289,1,1,1,1,.
uce-3655,1,1,1,1,.
uce-18383,.,1,1,1,1
uce-21532,.,1,1,1,1
uce-36228,1,1,1,1,.
uce-26747,.,.,.,.,.
uce-26748,1,1,.,1,.
uce-15574,1,1,1,1,.
uce-36224,1,1,1,1,.
uce-36225,1,1,1,1,1
uce-18851,1,1,1,1,.
uce-18850,1,1,1,1,.
uce-18853,.,1,1,1,1
uce-18852,.,1,1,1,1
uce-8680,1,1,.,1,.
uce-8681,.,1,.,1,.
uce-32214,1,1,1,1,1
uce-32213,1,1,1,1,1
uce-8685,1,1,1,1,.
uce-12239,.,.,.,.,1
uce-32210,1,1,1,1,1
uce-8688,1,1,1,1,.
uce-23051,1,1,1,1,.
uce-33740,1,1,1,1,1
uce-3783,1,1,.,1,1
uce-26699,1,1,1,1,.
uce-18042,1,1,1,1,.
uce-29980,1,1,.,1,1
uce-26693,1,1,1,1,.
uce-26691,1,1,1,1,.
uce-6171,.,.,.,.,.
uce-6172,.,.,.,.,.
uce-6173,.,.,1,.,.
uce-6174,.,.,.,.,1
uce-6175,.,.,.,.,.
uce-15883,1,1,1,1,.
uce-6177,1,1,1,1,.
uce-28586,1,1,1,1,1
uce-29298,1,1,1,1,.
uce-33074,1,1,.,1,1
uce-33075,1,1,.,1,1
uce-20753,1,1,1,1,.
uce-20752,.,1,1,1,1
uce-27800,1,1,1,1,.
uce-33072,.,.,1,.,.
uce-33073,.,.,1,.,.
uce-6884,1,1,1,.,1
uce-6885,1,1,1,1,.
uce-6886,1,1,.,1,.
uce-33079,1,1,1,1,.
uce-6882,1,1,1,1,1
uce-25839,1,1,1,1,.
uce-21626,1,1,1,1,1
uce-28909,1,1,.,1,.
uce-35808,1,1,1,1,.
uce-35801,1,1,1,1,1
uce-31079,1,1,1,1,1
uce-607,1,1,1,1,.
uce-35805,1,1,1,1,1
uce-21629,1,1,1,1,.
uce-29183,.,.,.,.,.
uce-9918,1,1,1,1,.
uce-31815,.,1,1,1,1
uce-29184,.,.,.,.,.
uce-3256,1,1,1,1,.
uce-23080,1,1,1,1,1
uce-3526,1,1,1,1,1
uce-32526,1,1,1,1,.
uce-24904,1,1,1,1,.
uce-28769,.,.,1,.,.
uce-29360,1,1,1,1,.
uce-7771,.,.,.,.,.
uce-7770,.,.,1,.,.
uce-29364,1,1,.,1,.
uce-40601,1,1,1,1,1
uce-4770,.,1,1,1,1
uce-37771,1,1,1,1,1
uce-39930,1,1,1,1,.
uce-32178,1,1,.,1,1
uce-37776,1,1,1,1,.
uce-40359,.,1,1,1,1
uce-28849,1,1,1,1,1
uce-7572,1,1,.,1,1
uce-31071,.,1,1,1,1
uce-38358,.,.,.,.,.
uce-37170,.,1,1,1,1
uce-16055,1,1,1,1,.
uce-16054,1,1,1,1,.
uce-38769,.,1,.,1,1
uce-16052,1,1,.,1,1
uce-16050,1,1,1,1,1
uce-38351,1,1,1,1,.
uce-3894,1,1,.,1,1
uce-38355,1,1,1,1,.
uce-38356,1,1,1,1,.
uce-16058,1,1,1,1,.
uce-23826,1,1,1,1,.
uce-6778,1,1,1,1,.
uce-2436,.,.,1,.,1
uce-40618,1,1,1,1,.
uce-7684,1,1,1,1,.
uce-20896,1,1,1,.,.
uce-38768,1,1,1,1,.
uce-146,1,1,.,1,1
uce-245,1,1,1,1,1
uce-14022,1,.,.,.,.
uce-6553,1,1,1,1,1
uce-6550,1,1,1,1,1
uce-6226,.,.,.,.,.
uce-6227,.,.,.,.,1
uce-12892,1,1,1,1,1
uce-28167,1,.,1,.,1
uce-10916,1,1,1,1,1
uce-20378,1,1,1,1,1
uce-38934,1,1,.,1,1
uce-10913,1,1,1,1,.
uce-22987,1,1,1,1,.
uce-30515,1,1,1,1,1
uce-10918,1,1,1,1,1
uce-6795,1,1,1,1,.
uce-27516,1,1,1,1,.
uce-10576,1,1,1,1,.
uce-39803,.,.,.,.,.
uce-39802,.,.,1,.,.
uce-1689,1,1,1,1,1
uce-1687,1,.,1,1,1
uce-20572,1,1,1,1,1
uce-36770,1,1,1,1,.
uce-36771,1,1,1,1,.
uce-39808,1,1,1,1,1
uce-34268,1,1,.,1,1
uce-37084,.,1,1,1,1
uce-36578,1,1,1,1,.
uce-1519,1,1,1,1,1
uce-1518,.,.,.,.,1
uce-1517,.,.,.,.,.
uce-1516,1,1,1,1,.
uce-36570,.,1,1,1,1
uce-33091,1,1,1,1,1
uce-3742,1,1,1,.,1
uce-34266,1,1,1,1,.
uce-34267,1,1,1,1,1
uce-39241,1,1,.,1,.
uce-18102,1,1,1,1,.
uce-39243,1,1,1,1,.
uce-39244,1,1,1,1,.
uce-18104,1,1,1,1,1
uce-39249,1,1,1,1,1
uce-39248,1,1,1,1,1
uce-14112,1,1,.,1,.
uce-35020,1,1,1,1,.
uce-12825,1,1,1,1,.
uce-23902,.,.,.,.,.
uce-23905,1,1,1,1,.
uce-23904,1,1,1,1,.
uce-34514,1,1,1,1,1
uce-34047,.,1,1,1,1
uce-28012,1,1,1,1,.
uce-31038,1,1,1,1,.
uce-6422,1,1,1,1,.
uce-22923,1,1,1,1,.
uce-2962,1,1,1,1,1
uce-13483,1,1,1,1,.
uce-40186,.,.,.,.,.
uce-30201,1,1,1,1,.
uce-21829,1,1,1,1,.
uce-24270,1,1,1,1,.
uce-21183,1,1,1,1,1
uce-21907,.,.,.,.,.
uce-2921,.,1,1,1,1
uce-40827,1,1,1,1,.
uce-40826,1,1,1,1,.
uce-13240,1,1,1,1,.
uce-72,1,1,1,1,1
uce-13244,1,1,1,1,.
uce-33894,1,1,1,1,.
uce-38265,1,1,1,1,.
uce-38228,1,1,1,1,.
uce-39334,1,1,1,1,1
uce-34195,1,1,1,1,1
uce-7381,.,.,.,.,.
uce-39797,1,1,1,1,1
uce-39795,1,1,.,1,1
uce-39793,1,1,1,1,1
uce-39791,1,1,1,1,.
uce-39790,1,1,1,1,1
uce-13464,.,1,1,1,1
uce-39798,1,1,1,1,1
uce-25428,1,1,1,1,1
uce-32450,1,1,1,1,.
uce-15375,1,1,1,1,1
uce-32452,1,1,1,1,.
uce-14209,1,1,1,1,.
uce-24115,1,1,1,1,1
uce-35488,1,1,1,1,.
uce-20100,1,1,1,1,1
uce-20101,1,1,1,1,.
uce-25423,1,1,1,1,.
uce-15379,1,1,1,1,.
uce-25427,1,1,.,1,.
uce-9608,1,1,1,1,1
uce-38962,1,1,.,1,1
uce-31323,1,1,.,1,1
uce-31321,1,1,1,1,.
uce-32540,.,.,.,.,1
uce-33639,1,1,1,1,1
uce-31329,1,1,1,1,.
uce-13797,1,1,1,1,.
uce-13796,.,.,1,.,.
uce-13795,.,.,.,.,.
uce-13794,.,.,.,.,.
uce-13793,.,.,.,.,.
uce-13792,.,.,.,.,.
uce-13063,.,1,1,1,.
uce-16542,1,1,1,1,1
uce-183,.,1,1,1,1
uce-13798,1,1,1,1,.
uce-12755,1,1,1,1,1
uce-12756,1,1,1,1,1
uce-15040,1,1,1,1,1
uce-19070,.,.,1,.,.
uce-19071,.,.,1,.,.
uce-19073,1,1,1,1,1
uce-12592,.,1,1,1,1
uce-19078,1,1,1,1,1
uce-19079,1,1,1,1,1
uce-33670,1,1,1,1,.
uce-18679,1,1,1,1,1
uce-18678,.,.,1,.,.
uce-32302,1,1,.,1,1
uce-35151,1,1,1,1,1
uce-19277,1,1,1,1,1
uce-8309,1,1,1,1,.
uce-18677,.,.,1,.,.
uce-23729,1,1,1,1,.
uce-23728,1,1,1,1,.
uce-14372,1,1,1,1,.
uce-31259,.,1,.,.,1
uce-5325,1,1,1,1,.
uce-5326,1,1,1,1,1
uce-5327,1,1,1,1,1
uce-31250,1,1,1,1,.
uce-749,1,1,.,1,1
uce-23725,1,1,1,1,.
uce-25513,1,1,1,1,1
uce-17402,.,1,1,1,1
uce-23276,1,1,1,1,.
uce-13930,1,1,1,1,1
uce-20963,1,1,1,.,1
uce-20869,1,1,.,1,1
uce-5990,1,1,1,1,1
uce-13427,1,1,1,1,.
uce-743,1,1,1,1,.
uce-27770,.,.,1,.,.
uce-32212,1,1,1,1,1
uce-18524,1,1,1,1,.
uce-12686,.,.,1,.,1
uce-32678,.,.,.,.,1
uce-12683,1,1,1,1,.
uce-12681,1,1,1,1,.
uce-4036,1,1,1,1,1
uce-32675,.,1,1,1,.
uce-32674,.,1,1,1,.
uce-12688,.,.,1,.,.
uce-32676,.,.,.,.,.
uce-11311,1,1,1,1,.
uce-18150,1,1,1,1,1
uce-5525,1,1,1,1,1
uce-5031,.,.,.,.,.
uce-5032,.,.,.,.,.
uce-5033,.,.,.,.,.
uce-13254,1,1,1,1,.
uce-32046,.,.,.,.,.
uce-8250,1,1,1,1,.
uce-12694,1,1,1,1,1
uce-11131,.,.,1,.,1
uce-11133,.,.,.,.,.
uce-11132,.,.,.,.,.
uce-11134,1,1,1,1,.
uce-20814,1,1,1,1,.
uce-20815,1,1,1,1,.
uce-14763,1,1,1,1,1
uce-14762,1,1,1,1,.
uce-14761,1,1,1,1,.
uce-6658,.,.,1,.,.
uce-16831,1,1,1,1,1
uce-27110,1,1,1,1,.
uce-14764,1,1,1,1,1
uce-19301,.,1,1,1,1
uce-16839,1,1,1,1,.
uce-32119,1,1,1,1,.
uce-37951,1,1,1,1,1
uce-5686,1,1,1,1,1
uce-14121,1,1,1,1,1
uce-14563,1,1,1,1,.
uce-4434,1,1,1,1,1
uce-8828,1,1,1,1,1
uce-3467,.,1,1,1,1
uce-31484,1,1,1,1,1
uce-4322,1,1,1,1,1
uce-4327,1,1,1,1,1
uce-4326,1,1,.,1,1
uce-9873,1,1,.,1,1
uce-37885,1,1,1,1,.
uce-8082,1,1,1,1,.
uce-24644,1,1,.,1,.
uce-37881,1,1,1,1,.
uce-37880,1,1,1,1,.
uce-1062,1,1,1,1,1
uce-7364,1,.,.,1,.
uce-5121,1,1,.,1,1
uce-3644,.,.,.,.,.
uce-3863,1,1,1,1,.
uce-2346,1,1,1,1,1
uce-4814,1,1,1,1,.
uce-8081,1,1,1,1,1
uce-4811,1,1,1,1,.
uce-30683,.,1,.,1,.
uce-23234,.,1,1,1,1
uce-32208,1,1,1,1,1
uce-26737,1,1,1,1,.
uce-9161,1,1,1,1,.
uce-21502,.,.,.,.,1
uce-15568,1,1,1,1,.
uce-15569,1,1,1,1,.
uce-35920,1,1,.,1,.
uce-32202,.,1,.,1,.
uce-27732,1,1,.,1,.
uce-16944,1,1,1,1,.
uce-27605,1,1,.,1,1
uce-29403,1,1,1,1,1
uce-27598,.,.,.,.,.
uce-29580,1,1,1,1,1
uce-12227,1,1,1,1,1
uce-23045,1,1,1,1,.
uce-8699,1,1,1,1,1
uce-8698,1,1,1,1,.
uce-27597,1,1,1,1,1
uce-3791,.,1,1,1,1
uce-3790,.,1,1,1,1
uce-23289,1,1,1,1,.
uce-30435,1,1,1,1,1
uce-4925,1,1,1,1,.
uce-3262,1,1,1,1,.
uce-23285,.,1,1,1,1
uce-2130,.,.,.,.,.
uce-17499,1,1,1,1,.
uce-15895,1,1,.,1,.
uce-20427,1,1,1,1,.
uce-20582,.,1,1,1,1
uce-10649,1,1,1,1,1
uce-9658,1,1,1,1,.
uce-40767,1,1,.,1,1
uce-17492,1,1,1,1,1
uce-40765,1,1,1,1,1
uce-40763,1,1,1,1,.
uce-17496,1,1,.,1,1
uce-40761,1,1,1,1,.
uce-20740,1,1,1,1,1
uce-12329,1,1,1,.,1
uce-12328,1,1,1,1,.
uce-6898,1,1,1,1,1
uce-6896,.,1,1,1,1
uce-20748,1,1,1,1,.
uce-10376,1,1,1,1,.
uce-618,.,1,1,1,1
uce-36366,1,1,1,1,.
uce-14949,1,1,.,1,1
uce-36364,1,1,1,1,.
uce-33243,1,1,1,1,.
uce-33242,1,1,1,1,.
uce-33241,1,1,1,1,1
uce-22528,1,1,1,1,.
uce-16306,1,1,1,1,.
uce-16304,1,1,1,1,1
uce-23837,1,1,1,1,1
uce-16301,.,1,1,1,1
uce-617,.,1,.,1,1
uce-3083,1,1,1,1,.
uce-3082,1,1,1,1,.
uce-3081,1,1,1,1,1
uce-3080,.,1,1,1,1
uce-31861,1,1,1,1,.
uce-31860,.,1,1,1,.
uce-8607,1,1,.,1,1
uce-23137,1,1,.,1,1
uce-14781,1,1,1,1,.
uce-14780,1,1,1,1,1
uce-14783,1,1,1,1,1
uce-14782,1,1,1,1,.
uce-29199,1,1,.,1,.
uce-14786,1,1,1,1,1
uce-7780,1,1,1,1,1
uce-463,1,1,1,1,.
uce-7782,.,.,.,.,.
uce-7783,.,.,.,.,.
uce-2350,1,1,.,1,1
uce-37018,.,.,1,.,1
uce-2352,1,1,1,1,.
uce-2353,1,1,1,1,.
uce-25190,1,1,1,1,.
uce-1429,.,.,1,.,.
uce-29370,1,1,1,1,1
uce-6309,1,1,1,1,1
uce-2291,1,1,1,1,1
uce-16048,.,.,1,.,.
uce-16049,.,.,1,.,1
uce-37767,1,1,1,1,.
uce-37760,1,1,.,1,1
uce-9010,1,1,1,1,.
uce-40615,1,1,.,1,1
uce-16041,1,1,1,1,.
uce-16042,.,1,1,1,1
uce-10647,1,1,1,1,.
uce-16044,.,.,.,.,1
uce-16045,.,.,.,.,.
uce-16046,.,.,.,.,.
uce-16047,1,1,1,1,.
uce-13511,1,1,1,1,.
uce-17548,1,1,1,1,.
uce-12035,1,1,1,1,.
uce-101,1,1,1,1,.
uce-16467,1,1,1,1,1
uce-17543,.,.,1,.,.
uce-38327,.,1,.,1,1
uce-464,.,.,.,.,.
uce-12205,1,1,1,1,.
uce-21761,1,1,1,1,1
uce-29142,1,1,1,1,.
uce-29288,.,1,1,1,1
uce-22430,1,1,1,1,1
uce-28806,1,1,1,1,1
uce-13515,1,1,1,1,.
uce-469,.,1,1,1,1
uce-40290,1,1,1,1,.
uce-18418,1,1,1,1,.
uce-31133,1,1,1,1,.
uce-6238,1,.,1,1,1
uce-31137,1,1,1,1,1
uce-34324,1,1,1,1,1
uce-31135,1,1,1,1,.
uce-31134,1,1,1,1,.
uce-9272,1,1,1,1,.
uce-28152,.,1,1,1,1
uce-28623,1,.,.,.,1
uce-6237,1,1,1,1,1
uce-30863,1,1,1,1,.
uce-6788,1,1,1,1,.
uce-30525,1,1,1,1,1
uce-16746,1,1,1,1,.
uce-9470,1,1,1,1,.
uce-28390,1,1,1,1,1
uce-28393,1,1,1,1,1
uce-20367,1,1,1,1,.
uce-28395,.,.,.,.,.
uce-6786,1,1,1,1,.
uce-6785,1,1,1,1,.
uce-28396,.,.,.,.,.
uce-19319,1,1,1,1,.
uce-38612,1,1,1,1,.
uce-38967,1,1,1,1,1
uce-22739,1,1,1,1,.
uce-13324,1,1,1,1,1
uce-12383,1,1,1,1,1
uce-38032,1,1,1,1,.
uce-13108,1,1,1,1,1
uce-38785,1,1,1,1,1
uce-1143,1,1,1,1,.
uce-34210,1,1,1,1,1
uce-8871,1,1,1,1,.
uce-20513,.,.,1,.,.
uce-5690,1,1,1,1,.
uce-866,1,1,1,1,.
uce-1651,1,1,.,1,1
uce-1652,1,1,1,1,.
uce-1301,1,1,.,1,1
uce-36923,1,1,1,1,.
uce-12810,1,1,.,1,.
uce-6431,1,1,1,1,.
uce-6430,1,1,1,1,.
uce-29588,1,1,1,1,.
uce-6434,.,1,1,1,1
uce-21358,1,1,1,1,.
uce-17157,1,1,1,1,.
uce-6380,1,1,1,1,1
uce-17151,1,1,.,1,.
uce-28022,1,1,1,1,.
uce-34528,1,1,1,1,1
uce-13495,1,1,1,1,.
uce-22884,1,1,1,1,1
uce-21198,1,1,1,1,.
uce-13491,1,1,1,1,.
uce-30230,1,1,1,1,1
uce-17793,1,1,1,1,.
uce-2914,1,1,1,1,1
uce-37547,1,1,1,1,1
uce-13498,1,1,1,1,1
uce-22889,1,1,1,1,.
uce-38255,1,1,1,1,.
uce-39032,1,1,1,1,1
uce-36920,.,1,1,1,1
uce-38253,1,1,1,1,1
uce-39033,1,1,1,1,1
uce-36124,.,1,.,.,1
uce-38259,.,1,1,1,1
uce-33739,1,1,1,1,1
uce-37784,1,1,1,1,.
uce-32684,1,1,1,1,.
uce-32685,.,.,.,.,1
uce-32686,.,.,.,.,.
uce-32687,.,.,.,.,1
uce-1975,.,1,1,1,1
uce-22194,1,1,1,1,.
uce-15361,1,1,1,1,.
uce-15362,1,1,1,1,.
uce-9482,1,1,1,1,.
uce-15364,1,1,1,1,.
uce-32689,1,1,1,1,1
uce-13734,.,1,1,1,1
uce-24105,1,1,1,1,.
uce-25459,1,1,1,1,1
uce-35495,1,1,1,1,1
uce-32619,1,1,1,1,.
uce-28404,.,.,1,.,.
uce-22191,1,1,1,1,.
uce-38815,1,1,1,1,.
uce-8056,1,1,1,1,1
uce-8051,.,.,1,.,1
uce-6015,.,1,1,1,1
uce-8053,.,.,.,.,1
uce-8052,.,.,.,.,.
uce-39425,.,.,1,.,.
uce-21997,.,.,1,.,1
uce-36389,1,1,.,1,1
uce-25291,1,1,.,1,1
uce-13783,1,1,1,1,.
uce-30304,1,1,1,1,.
uce-10670,1,1,1,1,.
uce-13075,1,.,1,1,1
uce-35874,1,1,1,1,.
uce-33563,.,.,.,.,.
uce-37438,1,1,.,1,1
uce-37439,1,1,1,1,1
uce-22953,1,1,1,1,.
uce-28402,1,1,1,1,1
uce-16558,1,1,1,1,.
uce-13079,1,1,1,1,1
uce-10098,1,1,1,1,1
uce-21978,1,1,1,1,1
uce-21979,1,1,1,1,.
uce-39678,1,1,1,1,.
uce-9415,1,1,1,1,1
uce-18064,1,1,1,1,.
uce-4235,.,.,1,.,1
uce-10093,1,1,1,1,.
uce-15095,1,1,1,1,.
uce-15093,1,1,1,1,.
uce-15090,1,1,1,.,1
uce-39455,.,.,.,.,.
uce-19247,1,1,1,1,.
uce-35147,.,1,1,1,1
uce-35144,.,.,.,.,.
uce-35145,.,.,.,.,.
uce-14619,1,1,1,1,.
uce-39472,.,1,1,1,1
uce-24072,1,1,1,1,.
uce-39477,1,1,1,1,1
uce-39474,.,.,.,.,.
uce-24077,.,1,1,1,.
uce-5444,1,1,.,1,1
uce-5446,.,.,1,.,.
uce-5441,1,1,1,1,.
uce-20004,1,1,1,1,.
uce-5443,1,1,1,1,1
uce-3477,1,1,1,1,.
uce-20009,1,1,1,1,1
uce-11417,1,1,1,1,.
uce-29782,.,.,.,.,.
uce-31264,.,1,1,1,1
uce-5449,1,1,1,1,1
uce-10416,.,1,1,1,1
uce-10411,1,1,1,1,.
uce-17370,.,1,1,1,1
uce-27442,.,.,.,.,.
uce-4723,1,1,.,1,1
uce-36967,1,1,1,1,.
uce-23859,1,1,1,1,.
uce-13925,1,.,.,.,1
uce-38714,1,1,1,1,.
uce-13927,1,1,1,1,.
uce-13928,.,.,.,.,.
uce-13929,.,.,.,.,.
uce-10320,1,1,1,1,1
uce-15782,.,1,1,1,1
uce-27745,.,.,.,.,.
uce-27744,.,.,.,.,.
uce-27741,1,1,1,1,1
uce-20135,1,1,1,1,.
uce-4002,1,.,1,.,.
uce-4003,1,1,1,1,.
uce-31359,.,1,1,1,1
uce-20390,1,1,1,1,.
uce-11529,.,1,1,1,1
uce-5535,1,1,1,1,.
uce-9469,1,1,1,1,1
uce-5536,1,1,1,1,1
uce-8997,1,1,1,1,1
uce-25671,1,1,1,1,.
uce-25670,1,1,1,1,.
uce-10520,1,1,1,1,.
uce-10251,1,1,1,1,.
uce-10524,1,1,1,1,.
uce-5846,1,1,1,1,.
uce-26432,1,1,1,1,1
uce-26436,1,1,1,1,1
uce-26341,1,1,1,1,1
uce-20829,1,1,1,1,1
uce-20828,1,1,.,1,1
uce-20826,1,1,1,1,.
uce-26439,1,1,1,1,.
uce-35500,1,1,1,1,.
uce-16826,1,.,1,1,1
uce-37941,1,1,1,1,.
uce-33429,1,1,1,1,.
uce-33428,1,1,1,1,1
uce-16822,.,.,.,.,.
uce-16823,.,.,.,.,.
uce-16820,1,1,.,1,1
uce-20398,.,1,1,1,1
uce-33422,1,1,.,1,1
uce-33421,1,1,.,1,1
uce-7974,1,1,1,1,.
uce-14779,1,1,1,1,1
uce-33425,1,1,1,1,.
uce-24492,.,.,1,1,1
uce-24493,.,1,1,1,1
uce-14570,1,1,1,1,.
uce-22529,.,1,1,1,1
uce-31495,1,1,1,1,.
uce-24498,1,1,1,1,1
uce-31497,1,1,1,1,1
uce-12781,1,1,.,1,.
uce-12780,1,1,1,1,.
uce-24650,1,1,1,1,1
uce-19730,1,1,1,1,.
uce-24654,1,1,1,1,1
uce-4310,1,1,1,1,.
uce-26506,1,1,.,1,1
uce-16824,.,.,1,.,.
uce-37894,.,.,.,.,.
uce-28385,1,1,1,1,.
uce-26502,1,1,1,1,.
uce-37893,.,.,.,.,1
uce-26239,.,.,1,.,.
uce-25853,.,.,.,.,.
uce-25852,.,.,.,.,1
uce-29763,.,.,.,.,.
uce-29762,.,.,.,.,1
uce-3320,1,1,1,1,1
uce-3321,1,1,1,1,1
uce-3259,1,1,1,1,.
uce-36204,.,1,1,1,1
uce-30830,1,1,1,1,1
uce-36206,1,1,.,1,.
uce-18870,.,1,1,1,1
uce-30835,.,.,1,1,.
uce-15556,.,1,1,1,1
uce-30837,1,1,1,1,.
uce-30836,1,1,1,1,1
uce-16224,1,1,1,1,.
uce-16953,1,1,1,1,.
uce-16951,1,.,1,1,.
uce-32270,1,1,1,1,1
uce-26729,.,.,1,.,1
uce-27619,1,1,.,1,1
uce-16511,.,1,1,1,1
uce-22087,.,1,1,1,.
uce-592,1,1,1,1,.
uce-597,1,1,1,1,1
uce-596,1,1,.,1,1
uce-4174,1,1,.,1,1
uce-22647,1,1,1,1,.
uce-8424,1,1,1,1,.
uce-2714,1,1,1,1,1
uce-29963,.,.,.,.,.
uce-29610,1,1,1,1,.
uce-29965,1,1,1,1,.
uce-29964,.,.,.,.,.
uce-8422,1,1,1,1,.
uce-3527,1,1,1,1,1
uce-4954,1,1,1,1,1
uce-4771,.,1,1,1,1
uce-3258,1,1,1,1,1
uce-30340,1,1,1,1,.
uce-4950,.,.,1,.,.
uce-9916,1,.,1,1,1
uce-1777,1,1,1,1,.
uce-40021,1,1,1,1,.
uce-3749,1,1,1,1,1
uce-6154,1,1,1,1,.
uce-2127,1,1,1,1,.
uce-26746,.,.,.,.,.
uce-40029,1,1,1,1,.
uce-40028,1,1,1,1,.
uce-2129,1,1,1,1,.
uce-17977,1,1,1,1,.
uce-3746,1,1,1,1,.
uce-16720,.,1,.,1,1
uce-20777,1,1,1,1,1
uce-20776,1,1,1,1,.
uce-27304,1,1,1,1,.
uce-30781,1,1,1,1,.
uce-27610,1,1,1,1,1
uce-33253,1,1,1,1,.
uce-26657,1,1,1,1,.
uce-2645,.,.,.,.,.
uce-22557,1,1,1,1,1
uce-22556,1,1,1,1,.
uce-16314,1,1,1,1,.
uce-27781,1,1,1,1,.
uce-5498,1,1,1,1,.
uce-1930,.,1,1,1,1
uce-22558,1,1,1,1,.
uce-7379,.,.,1,.,1
uce-7378,.,.,1,.,.
uce-23147,1,1,1,1,1
uce-31875,1,1,1,1,.
uce-14792,1,1,1,1,.
uce-2236,1,1,1,1,1
uce-27616,.,1,1,1,1
uce-23149,1,1,1,1,.
uce-40113,1,1,1,1,1
uce-31879,1,1,1,1,.
uce-26281,.,1,1,1,1
uce-7792,1,1,1,1,.
uce-36556,1,1,1,1,.
uce-2341,1,1,.,1,.
uce-29389,.,1,1,1,1
uce-32890,1,1,1,1,.
uce-9002,1,1,1,1,1
uce-15670,1,1,1,1,.
uce-20483,1,1,1,1,1
uce-40627,1,1,1,1,.
uce-10890,1,1,1,1,1
uce-40624,1,1,1,1,1
uce-16039,.,1,1,1,1
uce-5243,1,1,1,1,1
uce-28490,.,.,.,.,.
uce-27919,1,1,1,1,.
uce-8684,1,1,1,1,.
uce-16037,1,1,1,1,.
uce-29144,1,1,1,1,.
uce-14539,1,1,.,1,1
uce-40338,1,1,.,1,1
uce-29141,.,1,1,1,1
uce-29140,.,1,1,1,1
uce-12022,1,1,1,1,.
uce-12023,1,1,1,1,.
uce-21773,1,1,1,1,.
uce-135,.,1,.,1,.
uce-32211,1,1,1,1,.
uce-12024,1,1,1,1,1
uce-31759,1,1,1,1,1
uce-139,1,1,1,1,.
uce-138,1,1,1,1,.
uce-12028,1,1,1,1,.
uce-17574,.,1,1,1,1
uce-30656,.,.,.,.,.
uce-6934,1,1,1,1,.
uce-28813,1,1,1,1,1
uce-28810,1,1,1,1,.
uce-8236,1,1,1,1,.
uce-6931,1,1,1,1,.
uce-6933,1,1,1,1,.
uce-29811,1,1,1,1,1
uce-29813,1,1,1,1,.
uce-18892,.,1,1,1,1
uce-29814,1,1,1,1,.
uce-16004,1,1,1,1,.
uce-8339,1,1,1,1,1
uce-34447,1,1,1,1,.
uce-9267,.,1,.,1,1
uce-9266,.,.,1,.,1
uce-27713,1,1,1,1,.
uce-9260,1,1,.,1,1
uce-3781,1,1,1,1,.
uce-20391,.,1,1,1,1
uce-16782,.,1,1,1,1
uce-24814,.,.,1,.,1
uce-9468,1,.,1,1,1
uce-24812,1,1,1,1,.
uce-33006,1,1,1,1,.
uce-24811,1,1,1,1,.
uce-40241,1,1,1,1,.
uce-28383,1,1,1,1,.
uce-9467,1,.,1,.,1
uce-9466,1,.,1,.,.
uce-9465,1,1,1,1,.
uce-24819,.,.,.,.,.
uce-36797,1,1,1,1,.
uce-18745,.,.,.,.,.
uce-17808,1,1,1,1,.
uce-25072,1,1,1,1,.
uce-8843,.,.,.,.,.
uce-8846,1,1,1,1,1
uce-8844,.,.,.,.,.
uce-8845,1,1,1,1,.
uce-6841,.,1,1,1,1
uce-8849,1,1,1,1,.
uce-1539,1,1,1,1,.
uce-1538,1,1,1,1,.
uce-23355,.,1,1,1,1
uce-39267,1,1,1,1,1
uce-35550,1,1,1,1,.
uce-39264,1,1,1,1,1
uce-30831,.,.,1,.,.
uce-35557,.,1,1,1,1
uce-12808,1,1,1,1,1
uce-35009,1,1,1,1,1
uce-31014,.,1,1,1,1
uce-31015,.,1,1,1,1
uce-39269,1,1,1,1,.
uce-30228,1,1,1,1,1
uce-6445,1,1,1,1,.
uce-6446,1,1,1,1,.
uce-6447,1,1,1,1,.
uce-31016,.,1,1,1,1
uce-34020,1,1,1,1,.
uce-23920,1,1,1,1,1
uce-22890,1,1,1,1,.
uce-30221,1,.,1,.,.
uce-22892,1,1,1,1,.
uce-24251,.,1,1,1,1
uce-34028,.,1,1,1,1
uce-1799,1,1,1,1,.
uce-28139,.,1,1,1,1
uce-26695,1,1,1,1,.
uce-21362,1,1,1,1,1
uce-3379,1,1,1,1,1
uce-1795,1,1,1,1,.
uce-40802,1,1,1,1,.
uce-40801,1,1,1,1,.
uce-1796,1,1,1,1,.
uce-26880,1,1,1,1,.
uce-1223,1,1,1,1,1
uce-6093,.,.,.,.,.
uce-22195,1,1,1,1,1
uce-12166,1,1,1,1,1
uce-18279,.,1,1,1,.
uce-6442,.,1,1,1,1
uce-7176,1,1,1,1,.
uce-39621,1,1,1,1,1
uce-18277,1,1,1,1,.
uce-34021,1,1,1,1,.
uce-15313,1,1,1,1,.
uce-13440,1,1,1,1,.
uce-32475,1,1,1,1,1
uce-32474,1,1,1,1,1
uce-16001,1,1,1,1,.
uce-38805,1,1,1,1,1
uce-5234,1,1,1,1,1
uce-22891,.,1,1,1,.
uce-1009,1,1,1,1,.
uce-7173,1,1,.,1,.
uce-31300,1,1,1,1,1
uce-30222,1,.,.,.,.
uce-30832,.,.,1,.,.
uce-23634,1,1,1,1,.
uce-25525,.,1,1,1,1
uce-13041,1,1,1,1,1
uce-29290,1,1,1,1,.
uce-25281,.,.,.,.,.
uce-25282,.,.,.,.,.
uce-16564,1,1,1,1,.
uce-17233,1,1,1,1,.
uce-35797,.,.,1,.,.
uce-23929,1,1,1,1,1
uce-19325,1,1,1,1,1
uce-29443,1,1,1,1,1
uce-35798,.,.,1,.,.
uce-22946,1,1,1,1,1
uce-903,1,1,1,1,1
uce-39681,1,1,.,1,1
uce-7613,1,1,.,1,.
uce-39686,1,1,1,1,.
uce-21947,1,1,1,1,.
uce-32786,.,1,.,1,.
uce-32781,1,1,1,1,.
uce-32783,1,1,1,1,.
uce-5768,1,1,1,1,.
uce-21162,1,1,1,1,1
uce-35770,.,1,1,1,1
uce-30834,1,1,.,1,1
uce-35776,1,1,1,1,1
uce-14316,.,.,.,.,1
uce-11930,.,.,1,.,1
uce-11427,1,1,1,1,1
uce-31275,1,1,1,1,1
uce-17486,1,1,1,1,.
uce-33015,1,1,1,1,1
uce-37017,.,.,1,.,.
uce-17366,.,1,.,1,.
uce-30001,.,.,1,.,.
uce-17365,.,1,1,1,.
uce-13685,.,.,.,.,1
uce-13684,.,.,.,.,.
uce-29589,.,.,1,.,.
uce-30008,.,1,1,1,1
uce-36977,1,1,.,1,.
uce-26863,1,1,1,1,.
uce-19658,1,1,1,1,1
uce-39046,1,1,1,1,.
uce-6250,1,1,1,1,1
uce-5941,1,1,.,1,1
uce-10334,.,1,1,1,1
uce-164,1,1,1,1,.
uce-10336,.,1,1,1,1
uce-10339,.,1,1,1,1
uce-5494,1,1,1,1,1
uce-17058,1,1,1,1,.
uce-27282,1,1,1,1,.
uce-1797,1,1,1,1,1
uce-27281,.,1,1,1,1
uce-22347,.,.,.,.,.
uce-15135,1,1,1,1,1
uce-24712,1,1,1,1,.
uce-24715,1,1,1,1,1
uce-33780,1,1,1,1,.
uce-24716,1,1,1,1,1
uce-5012,.,.,.,.,.
uce-5011,.,.,.,.,.
uce-32653,1,1,.,1,.
uce-28481,.,1,1,1,1
uce-14405,1,1,.,1,1
uce-25666,1,1,1,1,1
uce-20917,1,1,1,1,1
uce-11335,1,1,1,1,.
uce-25662,1,1,1,1,.
uce-27351,1,1,1,1,.
uce-25660,1,1,1,1,.
uce-27353,.,.,.,.,.
uce-26130,.,.,.,.,.
uce-17216,1,1,1,1,1
uce-537,1,1,1,1,.
uce-10534,1,1,1,1,.
uce-17215,1,1,1,1,1
uce-38673,1,1,1,1,.
uce-26406,1,1,1,1,.
uce-20835,1,1,.,1,1
uce-13964,1,1,1,1,.
uce-9935,1,1,1,1,1
uce-27130,1,1,1,1,.
uce-11112,.,.,1,.,.
uce-11110,.,.,1,.,.
uce-7942,1,1,1,1,.
uce-7943,1,1,1,1,1
uce-19322,.,1,1,1,1
uce-19323,.,1,1,1,1
uce-37931,1,1,1,1,.
uce-7947,1,1,1,1,.
uce-37932,1,1,1,1,.
uce-36157,1,1,.,1,1
uce-33433,.,1,1,1,1
uce-4309,.,.,.,.,.
uce-4308,.,.,.,.,.
uce-14542,1,1,.,1,.
uce-14541,1,1,1,1,1
uce-3407,1,1,1,1,.
uce-3406,1,1,1,1,1
uce-3400,1,1,1,1,1
uce-11759,.,.,.,.,.
uce-11758,.,.,.,.,.
uce-26531,1,1,1,1,.
uce-38561,1,1,1,1,.
uce-25712,1,1,1,1,.
uce-25713,1,1,1,1,.
uce-20940,1,1,1,1,1
uce-19015,1,1,1,1,.
uce-5160,1,1,.,1,.
uce-8487,1,1,1,1,.
uce-26718,.,.,.,.,1
uce-25847,1,1,1,1,1
uce-21565,1,1,1,1,.
uce-26244,1,1,1,1,1
uce-26241,.,.,1,.,.
uce-21560,1,1,1,1,.
uce-21563,.,.,.,.,1
uce-21562,.,.,.,.,1
uce-27783,1,1,1,1,1
uce-27625,1,1,1,1,1
uce-27626,1,1,1,1,1
uce-12145,1,1,.,1,1
uce-16966,.,.,.,.,.
uce-16965,.,.,.,.,1
uce-19465,1,1,1,1,1
uce-32261,1,1,1,1,.
uce-2259,.,.,.,.,.
uce-7804,1,1,1,1,.
uce-12240,.,.,.,.,.
uce-22098,1,1,1,1,.
uce-12248,1,1,1,1,.
uce-12249,1,1,1,1,.
uce-24539,.,.,1,.,.
uce-7895,1,1,1,1,.
uce-3247,1,1,1,1,.
uce-26343,1,1,1,1,.
uce-4949,.,.,1,.,.
uce-9929,1,1,1,1,.
uce-4947,.,.,1,.,.
uce-4945,.,.,1,.,.
uce-9925,1,1,1,1,.
uce-4767,1,1,1,1,.
uce-9923,1,1,1,1,.
uce-4941,1,1,1,1,.
uce-24536,1,1,1,1,1
uce-7411,.,.,.,.,1
uce-18276,1,1,1,1,1
uce-17969,1,1,1,1,.
uce-40742,1,1,1,1,.
uce-33691,1,1,1,1,1
uce-17965,1,1,1,1,1
uce-17805,1,1,1,1,1
uce-30793,1,.,.,.,1
uce-30794,1,1,.,1,1
uce-30795,.,1,.,1,1
uce-2119,1,1,1,1,1
uce-9667,1,1,1,1,1
uce-33228,1,1,1,1,1
uce-634,.,1,1,1,1
uce-635,1,1,1,1,.
uce-38964,1,1,1,1,.
uce-9638,1,1,1,1,.
uce-28953,1,1,1,1,.
uce-7457,1,1,1,1,1
uce-32860,1,1,1,1,.
uce-2594,1,1,1,1,.
uce-15940,1,1,.,1,.
uce-26395,1,1,1,1,1
uce-34657,.,.,.,.,.
uce-26391,1,1,1,1,.
uce-22549,1,1,1,1,1
uce-29779,1,1,1,1,.
uce-34159,1,1,1,1,1
uce-2206,1,1,1,1,1
uce-7309,1,1,.,1,1
uce-2204,.,.,.,.,.
uce-2205,.,.,1,.,.
uce-27639,1,1,1,1,.
uce-2759,1,1,1,1,.
uce-2208,1,1,1,1,.
uce-2209,.,.,.,.,.
uce-40102,1,1,1,1,.
uce-29777,1,1,1,1,.
uce-2579,.,1,1,1,1
uce-40630,1,1,1,1,.
uce-2571,.,1,1,1,1
uce-32470,1,1,1,1,1
uce-2575,1,1,1,1,1
uce-32884,1,1,1,1,1
uce-32885,1,1,1,1,.
uce-38808,1,1,1,1,.
uce-1164,1,1,1,1,.
uce-7520,1,1,1,1,.
uce-11186,1,1,1,1,1
uce-29156,1,1,1,1,.
uce-27929,1,1,1,1,1
uce-37143,.,1,1,1,1
uce-40328,1,1,1,1,1
uce-38651,1,1,1,1,1
uce-33130,1,1,.,1,1
uce-38653,1,1,1,1,.
uce-36415,1,1,1,1,1
uce-36414,1,1,1,1,1
uce-128,1,1,1,1,.
uce-36416,1,1,1,1,1
uce-33139,.,1,1,1,1
uce-25442,1,.,.,1,1
uce-5106,1,1,.,1,1
uce-28825,1,1,1,1,.
uce-7774,1,1,1,1,.
uce-29554,.,.,.,.,.
uce-29555,.,.,.,.,.
uce-4865,1,1,.,1,1
uce-29553,.,.,1,.,.
uce-17836,1,1,1,1,.
uce-6213,1,1,1,1,.
uce-1499,1,1,1,1,.
uce-17490,1,1,1,1,1
uce-9296,1,1,1,1,.
uce-34300,1,1,1,1,.
uce-24820,.,.,.,.,.
uce-9100,1,1,1,1,.
uce-20380,1,1,1,1,1
uce-9104,1,1,1,1,.
uce-9105,1,1,1,1,1
uce-5062,1,1,1,1,1
uce-9109,.,.,1,.,.
uce-9455,1,1,1,1,.
uce-9450,1,1,1,1,.
uce-21019,1,1,1,1,.
uce-22716,.,.,.,.,.
uce-22715,.,.,.,.,.
uce-13307,1,1,1,1,.
uce-13300,1,1,1,1,.
uce-16154,1,1,1,1,1
uce-25186,1,1,1,1,.
uce-12058,1,1,1,1,.
uce-6086,1,1,1,1,.
uce-8854,1,1,1,1,.
uce-40602,1,1,1,1,1
uce-9589,1,1,1,1,1
uce-1810,1,1,1,1,.
uce-6851,.,.,.,.,.
uce-6850,.,.,.,.,.
uce-36528,1,1,1,1,1
uce-6855,1,1,1,1,.
uce-12874,.,1,1,1,1
uce-12871,1,1,1,1,.
uce-35011,1,1,1,1,1
uce-35544,1,1,1,1,.
uce-40,1,1,1,1,.
uce-899,1,1,1,1,.
uce-23934,1,1,1,1,.
uce-12878,1,1,1,1,1
uce-34015,1,1,1,1,.
uce-28045,.,.,.,1,.
uce-17172,1,1,1,1,1
uce-38375,.,1,1,1,1
uce-17177,1,1,1,1,1
uce-17174,1,1,1,1,1
uce-31859,.,1,1,1,.
uce-28049,1,1,1,1,.
uce-21379,1,1,1,1,.
uce-1762,.,1,1,1,.
uce-21774,1,1,1,1,.
uce-30499,.,1,1,1,1
uce-37073,1,1,1,1,1
uce-40814,1,1,1,1,.
uce-21175,1,1,1,1,1
uce-38273,1,.,1,.,.
uce-38272,1,1,1,1,1
uce-13272,1,1,1,1,.
uce-13273,1,1,1,1,1
uce-30497,.,1,1,1,1
uce-38275,1,1,.,1,1
uce-38274,1,.,1,.,.
uce-11721,1,1,.,1,.
uce-39307,1,1,1,1,.
uce-1258,1,1,1,1,.
uce-27984,.,.,.,.,.
uce-36630,1,1,1,1,.
uce-39309,1,1,1,1,1
uce-19910,1,1,1,1,.
uce-32468,1,1,.,1,.
uce-26268,1,1,1,1,.
uce-13457,1,1,1,1,.
uce-18266,1,.,1,.,1
uce-32463,1,1,1,.,1
uce-17477,.,1,1,1,.
uce-38875,1,1,1,1,.
uce-38874,.,.,1,.,1
uce-1076,1,1,1,1,1
uce-17413,1,1,1,1,.
uce-38871,1,1,1,1,.
uce-38873,.,.,1,.,.
uce-23621,.,1,1,1,1
uce-17173,1,1,1,1,.
uce-21050,1,1,1,1,.
uce-14097,.,.,.,.,.
uce-14096,.,.,.,.,.
uce-14091,1,1,1,1,1
uce-32245,1,1,1,1,.
uce-25279,1,1,1,1,1
uce-2803,1,1,1,1,.
uce-10656,1,1,1,1,.
uce-40432,.,1,1,1,1
uce-16779,1,1,1,1,1
uce-10653,1,1,1,1,.
uce-35416,.,1,1,1,1
uce-35782,1,1,1,1,1
uce-10650,1,1,1,1,.
uce-22977,1,1,1,1,1
uce-35960,.,.,.,.,.
uce-39272,1,1,1,1,.
uce-39274,1,1,1,1,1
uce-10659,1,1,1,1,1
uce-24625,1,1,1,1,.
uce-32799,1,.,.,1,.
uce-18089,1,1,1,1,.
uce-40089,.,.,.,.,.
uce-18640,1,1,1,1,.
uce-15233,1,1,1,1,.
uce-27552,1,1,1,1,.
uce-39453,1,1,1,1,.
uce-39454,.,.,.,.,.
uce-18317,1,1,1,1,1
uce-15234,1,1,1,1,.
uce-14323,1,1,1,1,.
uce-14322,1,1,1,1,.
uce-18318,1,1,1,1,.
uce-118,1,1,1,1,1
uce-5317,1,1,1,1,.
uce-5316,1,1,1,1,1
uce-31207,.,1,1,1,1
uce-23713,1,1,1,1,1
uce-23714,1,1,1,1,.
uce-23715,1,1,1,1,1
uce-20021,1,1,1,1,.
uce-17353,.,1,1,1,1
uce-10431,1,1,1,1,.
uce-19154,1,1,1,1,1
uce-31209,.,.,1,.,.
uce-37167,1,1,1,1,.
uce-25385,1,1,1,1,.
uce-17198,1,1,1,1,.
uce-36941,1,1,1,1,1
uce-13696,1,1,1,1,.
uce-36946,1,1,.,1,1
uce-26872,.,.,1,.,.
uce-26870,1,1,1,1,.
uce-32122,1,1,1,1,1
uce-809,1,1,1,1,.
uce-18793,.,1,1,1,.
uce-27986,.,.,.,.,.
uce-5483,1,1,1,1,.
uce-10341,1,1,1,1,.
uce-10340,.,1,1,1,.
uce-3693,1,1,1,1,1
uce-27725,1,1,.,1,1
uce-10348,1,1,1,1,1
uce-36093,1,1,1,1,1
uce-36092,1,1,.,1,1
uce-18220,1,1,1,1,.
uce-19689,1,1,1,1,1
uce-6957,1,1,1,1,1
uce-19686,1,1,1,1,.
uce-32088,1,1,1,1,1
uce-24313,.,1,1,1,1
uce-24701,1,1,1,1,.
uce-5009,1,1,1,1,.
uce-5008,1,1,1,1,.
uce-32646,1,1,1,1,.
uce-5005,1,1,1,1,1
uce-37165,1,1,1,1,1
uce-14435,.,1,1,1,1
uce-14434,.,.,1,.,.
uce-14433,.,.,1,.,1
uce-5000,1,1,1,1,1
uce-14079,.,1,1,1,1
uce-18005,.,1,1,1,1
uce-5829,1,1,1,1,.
uce-17226,1,1,1,1,.
uce-10505,1,1,1,1,.
uce-10503,.,1,1,1,1
uce-30104,1,1,1,.,.
uce-10501,1,1,1,1,.
uce-39652,1,1,1,1,.
uce-23975,1,1,1,1,1
uce-39761,.,1,.,1,.
uce-13870,1,1,1,1,.
uce-16803,.,.,.,.,.
uce-22873,.,.,.,.,.
uce-19354,1,1,1,1,1
uce-19356,1,1,1,1,1
uce-19353,1,1,1,1,.
uce-37921,1,1,1,1,.
uce-4684,1,1,1,1,.
uce-4685,1,1,1,1,.
uce-23388,1,1,1,1,.
uce-27382,.,.,.,.,1
uce-27381,.,.,.,.,.
uce-4683,1,1,1,1,.
uce-23541,1,1,1,1,1
uce-31473,1,1,1,1,1
uce-23545,1,1,1,1,.
uce-31108,1,1,1,1,.
uce-3103,1,1,1,1,.
uce-4375,1,1,1,1,.
uce-4376,1,1,1,1,.
uce-9508,1,1,1,1,1
uce-13550,1,1,1,1,.
uce-24631,.,1,1,1,1
uce-11740,1,1,1,1,1
uce-10007,.,.,1,.,.
uce-26528,1,1,1,1,.
uce-26529,1,1,.,1,1
uce-25720,1,1,1,1,1
uce-3188,1,1,1,1,1
uce-31874,1,1,.,1,.
uce-26255,1,1,1,1,.
uce-3186,1,1,1,1,1
uce-27655,1,1,1,1,.
uce-35972,1,1,1,1,.
uce-12278,.,.,1,.,1
uce-32257,1,1,1,1,.
uce-30812,1,1,1,1,.
uce-11075,1,1,1,1,.
uce-16978,1,1,1,1,.
uce-14887,1,1,1,1,.
uce-37850,1,1,.,1,.
uce-37851,1,1,1,1,.
uce-12277,.,.,1,.,.
uce-37321,1,1,1,1,1
uce-37323,1,1,1,1,.
uce-7380,.,.,.,.,.
uce-7836,1,1,.,1,.
uce-23091,1,1,1,1,.
uce-3495,.,1,1,1,.
uce-21380,1,1,.,1,.
uce-7887,1,.,1,.,1
uce-7886,1,.,1,.,1
uce-7885,.,1,1,1,1
uce-3505,1,1,1,1,.
uce-7883,1,1,1,1,.
uce-9934,1,1,1,1,1
uce-3500,.,.,.,.,.
uce-4756,1,1,1,1,.
uce-26462,1,1,1,1,1
uce-26414,1,1,1,1,1
uce-4753,1,1,.,1,1
uce-40254,1,1,1,1,1
uce-3995,1,1,.,1,1
uce-3987,1,1,1,1,.
uce-40000,1,1,1,1,.
uce-3766,1,1,1,1,1
uce-9240,.,1,1,1,1
uce-3763,.,1,1,1,1
uce-3643,.,.,.,.,.
uce-20712,1,1,1,1,.
uce-12317,1,1,1,1,1
uce-26677,1,1,1,1,1
uce-22573,1,1,1,1,.
uce-33234,1,1,1,1,.
uce-15446,.,1,1,1,.
uce-25969,1,1,1,1,.
uce-29176,1,1,1,1,.
uce-481,1,1,1,1,.
uce-26869,.,.,.,.,.
uce-26382,1,1,1,1,1
uce-482,1,1,1,1,1
uce-24815,1,1,.,1,1
uce-16373,1,1,1,1,1
uce-26386,1,1,1,1,.
uce-488,.,1,1,1,.
uce-23161,1,1,1,1,.
uce-15680,1,1,1,1,1
uce-38361,1,1,1,1,.
uce-2215,1,1,1,1,.
uce-2214,.,.,.,.,.
uce-31698,1,1,.,1,.
uce-2216,1,1,1,1,.
uce-13891,1,1,1,1,.
uce-2210,.,.,.,.,.
uce-2213,.,.,.,.,.
uce-8719,1,1,1,1,.
uce-7314,1,1,1,1,.
uce-2219,1,1,1,1,.
uce-29700,1,1,1,1,.
uce-29703,.,1,.,1,1
uce-2569,.,1,1,1,1
uce-40313,1,1,1,1,1
uce-40310,1,1,1,1,.
uce-7537,.,.,.,.,.
uce-7536,.,.,1,.,.
uce-7535,.,.,1,.,1
uce-7534,1,1,1,1,1
uce-22411,1,1,1,1,.
uce-22413,1,1,1,1,1
uce-17592,.,1,1,1,1
uce-29128,1,1,1,1,1
uce-7538,1,1,1,1,.
uce-33123,.,1,1,1,1
uce-159,1,1,1,1,.
uce-17516,.,.,.,.,.
uce-21712,1,1,.,1,.
uce-30181,.,1,1,1,1
uce-26865,1,1,1,1,1
uce-9099,.,.,1,.,.
uce-38318,1,1,1,1,1
uce-17518,.,.,.,.,.
uce-30671,1,1,.,1,1
uce-33137,1,1,1,1,.
uce-28549,1,1,1,1,.
uce-29838,1,1,1,1,.
uce-29837,1,1,1,1,.
uce-29836,1,1,1,1,1
uce-6131,1,1,1,1,1
uce-28546,1,1,1,1,1
uce-6594,1,1,1,1,.
uce-6595,1,1,1,1,.
uce-6593,1,1,.,1,1
uce-28619,1,1,1,1,.
uce-24384,1,1,1,1,.
uce-24831,1,1,1,1,1
uce-6598,1,1,1,1,1
uce-39843,1,1,1,1,1
uce-9112,.,.,.,.,.
uce-9111,.,.,.,.,.
uce-9110,.,.,1,.,.
uce-9117,1,1,1,1,.
uce-37686,1,1,1,1,.
uce-37685,1,1,1,1,.
uce-39844,1,1,1,1,.
uce-9448,1,1,1,1,.
uce-22702,1,1,.,1,.
uce-7620,1,1,1,1,.
uce-22704,.,1,1,1,1
uce-22707,1,1,1,1,.
uce-1926,1,1,1,1,.
uce-25017,1,1,.,1,1
uce-37044,1,1,1,1,.
uce-34176,.,1,1,1,1
uce-40798,1,1,1,1,1
uce-40797,1,1,1,1,.
uce-37048,1,1,1,1,.
uce-38002,1,1,1,1,.
uce-25018,1,1,1,1,.
uce-7772,.,.,.,.,.
uce-1925,.,1,.,1,1
uce-5497,1,1,1,1,.
uce-2783,.,1,1,1,1
uce-1922,1,1,1,1,.
uce-6689,1,1,1,1,.
uce-6863,1,1,1,1,.
uce-1141,1,1,1,1,.
uce-1661,1,1,1,1,1
uce-35576,1,1,.,1,.
uce-27983,1,1,1,1,.
uce-12861,1,1,1,1,.
uce-23945,1,1,1,1,.
uce-23943,.,.,.,.,.
uce-23942,.,.,.,.,.
uce-17502,1,1,1,1,.
uce-28054,.,1,1,1,1
uce-3942,.,.,1,.,.
uce-23523,1,1,1,1,.
uce-329,1,1,1,1,.
uce-25120,1,1,1,1,.
uce-20446,.,.,.,.,.
uce-17833,.,.,1,.,.
uce-36628,1,1,1,1,.
uce-38469,1,1,.,1,.
uce-39990,1,1,1,1,.
uce-39993,1,1,.,1,1
uce-34313,1,1,1,1,.
uce-36625,1,1,1,1,.
uce-18523,1,1,1,1,1
uce-13426,.,.,1,.,.
uce-32419,1,1,.,1,1
uce-39514,1,1,1,1,1
uce-9439,1,1,.,1,.
uce-32425,.,1,1,1,1
uce-27545,1,1,1,1,1
uce-18528,.,1,.,1,.
uce-15338,1,1,1,1,.
uce-32410,1,1,1,1,.
uce-21498,1,1,1,1,.
uce-1067,1,1,1,1,1
uce-38867,1,1,1,1,.
uce-34173,1,1,1,1,.
uce-1063,1,.,1,1,1
uce-38863,1,1,1,1,.
uce-8080,1,1,1,1,1
uce-38861,1,1,1,1,.
uce-32420,1,1,1,1,.
uce-38099,1,1,1,1,.
uce-25262,1,1,1,1,1
uce-25263,1,1,1,1,1
uce-922,1,1,.,1,.
uce-27544,1,1,.,1,1
uce-23074,1,1,1,1,.
uce-10640,.,1,1,1,1
uce-34685,1,1,1,1,.
uce-39191,1,1,1,1,1
uce-10646,1,1,1,1,.
uce-39192,1,1,1,1,.
uce-22960,.,.,1,.,.
uce-37668,.,.,.,.,.
uce-22962,1,1,1,1,1
uce-22963,1,1,1,1,.
uce-18419,1,1,1,1,.
uce-22965,1,1,1,1,1
uce-16749,1,1,1,1,.
uce-18458,.,1,1,1,1
uce-18414,1,1,1,1,.
uce-26717,.,.,.,.,.
uce-37665,1,1,.,1,1
uce-16742,1,1,1,1,1
uce-17629,1,1,1,1,.
uce-21927,1,1,.,1,1
uce-35194,.,1,1,1,1
uce-9930,1,1,1,1,.
uce-21928,1,1,1,1,1
uce-35201,1,1,1,1,1
uce-36887,1,1,1,1,.
uce-35203,1,1,1,1,1
uce-39426,.,.,1,.,.
uce-14338,.,1,1,1,.
uce-14339,.,1,1,1,1
uce-35758,1,1,1,1,.
uce-35757,.,1,1,1,1
uce-35755,1,1,1,1,.
uce-35754,.,.,.,.,.
uce-1117,1,1,1,1,.
uce-20036,1,.,1,.,.
uce-36889,1,1,1,1,.
uce-10428,.,1,1,1,.
uce-11912,1,1,1,1,.
uce-8151,1,1,1,1,.
uce-8152,1,1,1,1,.
uce-26134,.,.,.,.,.
uce-25396,1,1,.,1,1
uce-17240,1,1,1,1,.
uce-17080,1,1,1,1,.
uce-36950,.,1,1,1,1
uce-8466,1,1,1,1,1
uce-25390,1,1,1,1,1
uce-21816,.,1,.,1,1
uce-14055,1,1,1,1,.
uce-17180,1,1,1,1,.
uce-17186,1,1,1,1,1
uce-17184,1,1,1,1,.
uce-14054,1,1,1,1,.
uce-5966,1,1,1,1,1
uce-5967,1,1,1,1,1
uce-5547,1,1,1,1,.
uce-10350,1,1,1,1,.
uce-10351,1,1,1,1,.
uce-38640,1,1,1,1,.
uce-3829,1,1,.,1,.
uce-12488,1,1,1,1,.
uce-3504,1,1,1,1,.
uce-39739,1,1,1,1,.
uce-19120,1,1,.,1,1
uce-12641,1,1,.,1,1
uce-11701,1,1,1,1,.
uce-28445,1,1,1,1,.
uce-8239,1,1,1,1,.
uce-18744,.,1,1,1,1
uce-27540,1,1,1,1,.
uce-28444,.,.,1,.,.
uce-14421,.,1,.,1,1
uce-24735,1,1,1,1,1
uce-24734,1,1,1,1,1
uce-24732,1,1,1,1,1
uce-5564,1,1,1,1,.
uce-11336,1,1,1,1,.
uce-31503,1,1,1,1,.
uce-25647,1,1,1,1,.
uce-24739,1,1,1,1,.
uce-7050,1,1,1,1,.
uce-5762,.,1,1,1,.
uce-5763,1,1,1,1,1
uce-17234,.,.,.,.,.
uce-17235,.,.,.,.,1
uce-22221,.,1,1,1,1
uce-7051,1,1,1,1,.
uce-25482,1,.,1,.,1
uce-10519,1,1,1,1,.
uce-37919,1,1,1,1,1
uce-9761,.,1,1,1,1
uce-27352,.,.,.,.,.
uce-26131,.,.,.,.,.
uce-3897,1,1,1,1,.
uce-32197,1,1,1,1,1
uce-22961,.,.,1,.,.
uce-21188,.,1,1,1,1
uce-27394,1,1,1,1,.
uce-19340,1,1,1,1,.
uce-14524,1,1,.,1,.
uce-4693,1,1,1,1,.
uce-4691,1,1,1,1,1
uce-24458,1,1,1,1,.
uce-32749,1,1,1,1,.
uce-32748,1,1,1,1,.
uce-33692,.,.,.,.,.
uce-33693,.,.,.,.,.
uce-23554,1,1,1,1,.
uce-16005,1,1,1,1,.
uce-24603,1,1,1,1,1
uce-32740,1,1,1,1,.
uce-24601,.,.,.,.,1
uce-24600,.,.,.,.,1
uce-37906,1,1,1,1,.
uce-39057,1,1,1,1,1
uce-24605,1,1,1,1,1
uce-27939,1,1,1,1,.
uce-25737,1,1,1,1,1
uce-24459,.,1,1,1,.
uce-17715,1,1,1,1,1
uce-11770,1,1,1,1,.
uce-26262,.,1,1,1,1
uce-26269,1,1,1,1,.
uce-12173,1,1,1,1,1
uce-27647,1,1,1,1,.
uce-31999,1,1,1,1,.
uce-31998,.,.,.,.,1
uce-31995,1,1,1,1,.
uce-31997,.,.,.,.,.
uce-38645,1,1,1,1,1
uce-13995,1,1,1,1,.
uce-29959,1,1,1,1,.
uce-17934,1,1,1,1,.
uce-6783,.,.,.,.,.
uce-8414,1,1,1,1,.
uce-8417,1,1,1,1,.
uce-20889,1,1,1,1,1
uce-29956,1,1,1,1,1
uce-38773,1,1,1,1,1
uce-4213,.,1,1,1,1
uce-5619,1,1,1,1,1
uce-9946,1,1,.,1,.
uce-4173,1,1,1,1,1
uce-30745,1,1,.,1,.
uce-4215,1,1,1,1,.
uce-4214,1,1,1,1,1
uce-24516,1,1,1,1,.
uce-38771,1,1,1,1,.
uce-35261,1,1,1,1,1
uce-9949,1,1,1,1,.
uce-5617,1,1,1,1,.
uce-7436,.,.,.,.,1
uce-3994,1,1,1,1,1
uce-7432,1,1,1,1,1
uce-34198,.,1,1,1,1
uce-3993,1,1,1,1,.
uce-7431,1,1,1,1,1
uce-11913,1,1,1,1,.
uce-27131,1,1,.,1,1
uce-36320,1,1,1,1,1
uce-11876,1,1,1,1,.
uce-33206,1,1,1,1,1
uce-33205,1,1,1,1,.
uce-33204,1,1,1,1,.
uce-15456,1,1,1,1,.
uce-33113,1,1,1,1,.
uce-32333,.,.,.,.,.
uce-32334,.,.,.,.,.
uce-4985,1,1,1,1,.
uce-38672,.,.,.,.,.
uce-21497,1,1,1,1,1
uce-21496,1,1,1,1,1
uce-22872,.,.,.,.,1
uce-19321,.,1,1,1,1
uce-15694,1,1,1,1,1
uce-15695,1,.,1,.,.
uce-29483,.,.,.,.,.
uce-15920,.,.,1,.,1
uce-8701,1,1,1,1,1
uce-8700,1,1,1,1,1
uce-8703,.,.,.,.,.
uce-7941,1,1,1,1,.
uce-7326,1,1,1,1,.
uce-8704,.,.,.,.,.
uce-8707,1,1,1,1,1
uce-7325,1,1,1,1,.
uce-3607,1,1,1,1,.
uce-1635,1,1,1,1,.
uce-142,1,1,1,.,1
uce-7981,1,1,1,1,1
uce-19248,1,1,1,1,1
uce-2003,1,1,.,1,1
uce-40308,1,1,1,1,1
uce-2005,1,1,.,1,1
uce-28447,1,1,1,1,.
uce-28446,1,1,1,1,.
uce-7502,1,1,1,1,1
uce-9729,1,1,1,1,.
uce-7052,1,1,1,1,.
uce-40307,1,1,1,1,.
uce-9177,.,1,1,1,1
uce-40302,1,1,1,1,1
uce-26284,1,1,1,1,.
uce-26119,1,1,1,1,.
uce-20633,1,1,1,1,1
uce-16007,1,1,1,1,.
uce-12078,.,1,1,1,1
uce-16002,1,1,1,1,1
uce-20635,1,1,1,1,.
uce-18891,.,1,1,1,1
uce-147,1,1,1,1,.
uce-16008,1,1,1,1,1
uce-26289,1,1,1,1,.
uce-149,1,1,1,1,.
uce-30663,1,1,1,1,.
uce-2488,1,1,1,1,.
uce-28848,.,1,1,.,.
uce-38671,.,.,.,.,.
uce-38670,1,1,1,1,.
uce-140,1,1,1,1,.
uce-26280,1,1,1,1,1
uce-2486,1,1,1,1,.
uce-143,1,1,.,1,1
uce-37555,1,1,.,1,1
uce-36439,1,1,.,1,.
uce-6902,1,1,.,1,1
uce-15852,1,1,1,1,.
uce-29823,1,1,1,1,.
uce-9619,1,1,1,1,.
uce-6129,1,1,1,1,.
uce-29827,.,1,1,1,1
uce-2174,.,.,.,.,.
uce-35983,1,1,1,1,1
uce-28537,1,1,1,1,.
uce-36153,1,1,1,1,.
uce-28531,1,1,1,1,.
uce-39140,1,1,1,1,1
uce-14337,.,1,1,1,.
uce-2173,.,.,.,.,.
uce-9446,1,1,1,1,.
uce-23237,1,1,1,1,1
uce-6275,1,1,.,1,.
uce-6273,1,1,.,1,1
uce-1476,1,1,1,1,.
uce-35235,.,1,.,1,.
uce-9126,1,1,1,1,.
uce-16013,.,.,1,.,.
uce-9437,1,1,1,1,1
uce-35236,1,1,1,1,.
uce-7618,1,1,1,1,.
uce-38860,1,1,1,1,.
uce-29227,1,1,1,1,.
uce-29224,.,.,.,.,.
uce-7611,.,1,.,1,.
uce-3979,1,1,1,1,1
uce-37268,1,1,1,1,1
uce-12105,1,1,1,1,1
uce-25003,1,1,1,1,.
uce-12106,1,1,1,1,.
uce-36503,1,1,.,1,.
uce-3972,1,1,1,1,1
uce-3971,1,1,1,1,.
uce-15727,1,1,1,1,.
uce-3976,1,1,1,1,1
uce-38073,1,1,1,1,1
uce-4690,1,1,1,1,.
uce-2399,1,1,1,1,.
uce-28532,1,1,1,1,.
uce-8923,1,1,1,1,.
uce-18531,.,1,1,1,1
uce-5219,1,1,1,1,1
uce-33974,1,1,1,1,.
uce-4163,1,1,1,1,1
uce-33971,.,1,1,1,1
uce-23959,.,1,1,1,1
uce-23956,1,1,1,1,.
uce-24114,1,1,1,1,.
uce-23952,1,1,1,1,.
uce-23953,.,1,1,1,1
uce-32007,1,1,1,1,.
uce-35487,1,1,1,1,.
uce-30271,.,.,1,.,.
uce-34762,1,1,1,1,.
uce-30276,1,1,1,1,1
uce-29859,.,.,.,.,.
uce-37580,1,1,1,1,.
uce-2953,1,1,1,1,.
uce-32005,1,1,1,1,1
uce-28265,.,1,1,1,1
uce-319,1,1,.,1,1
uce-318,1,1,.,1,1
uce-25139,1,1,1,1,.
uce-17753,1,1,1,1,.
uce-17752,1,1,1,1,.
uce-26532,1,1,1,1,.
uce-310,.,1,1,1,1
uce-25136,1,1,1,1,1
uce-317,1,1,1,1,.
uce-1149,1,1,1,1,.
uce-25426,1,1,1,1,.
uce-19973,1,1,1,1,1
uce-19972,.,.,1,.,.
uce-36617,1,1,1,1,1
uce-34367,1,1,1,1,.
uce-34366,1,1,1,1,1
uce-34361,1,1,1,1,.
uce-6374,1,1,1,1,1
uce-6587,1,1,1,1,1
uce-6586,1,1,1,1,1
uce-18244,.,.,1,.,.
uce-18245,1,1,1,1,1
uce-6375,1,1,1,1,.
uce-15320,1,1,1,1,.
uce-18534,1,1,1,1,.
uce-18243,.,.,1,.,.
uce-1720,.,.,.,.,.
uce-38851,1,.,.,1,1
uce-35362,.,.,.,.,.
uce-35363,.,.,.,.,.
uce-13438,1,1,.,1,1
uce-38854,1,1,1,1,.
uce-17394,1,1,1,1,.
uce-8357,.,1,1,1,1
uce-25084,1,1,1,1,.
uce-24359,.,1,1,1,1
uce-21548,.,1,1,1,1
uce-25252,1,1,1,1,.
uce-16594,.,1,1,1,.
uce-19989,.,.,.,.,.
uce-39184,1,1,1,1,1
uce-2822,1,1,1,1,.
uce-25258,1,1,1,1,.
uce-30585,.,.,.,.,.
uce-30584,.,.,.,.,.
uce-30586,.,.,.,.,.
uce-16754,1,1,1,1,.
uce-25714,1,1,1,1,.
uce-30582,.,1,1,1,.
uce-35560,1,1,1,1,1
uce-39217,1,1,.,1,1
uce-30589,1,1,1,1,.
uce-30588,1,1,1,1,.
uce-40275,1,1,1,1,.
uce-18338,1,1,1,1,.
uce-4288,1,1,1,1,.
uce-32636,1,1,1,1,.
uce-21935,.,.,1,1,.
uce-22672,1,1,1,1,.
uce-19756,1,1,1,1,.
uce-13726,1,1,.,1,1
uce-15216,1,1,1,1,.
uce-24035,1,1,1,1,.
uce-32536,1,1,1,1,1
uce-24031,1,1,1,1,.
uce-5379,.,.,.,.,1
uce-20045,1,1,1,1,1
uce-38924,1,1,1,1,1
uce-20043,1,1,1,1,1
uce-10183,1,1,1,1,.
uce-13065,.,.,1,1,.
uce-10181,1,1,1,1,.
uce-295,1,1,1,1,.
uce-8142,1,1,.,1,1
uce-8141,1,1,.,1,1
uce-296,1,1,1,1,.
uce-35357,.,1,1,.,.
uce-23779,1,1,.,1,1
uce-26245,1,1,1,1,.
uce-21800,1,1,.,1,1
uce-39480,1,1,1,1,.
uce-16103,.,.,.,.,.
uce-30291,.,.,.,1,.
uce-30293,1,1,1,1,.
uce-29225,.,.,.,.,.
uce-30294,1,1,1,1,1
uce-35678,.,.,1,.,1
uce-28698,1,1,1,1,1
uce-98,.,.,.,.,.
uce-16543,1,1,1,1,.
uce-33594,1,1,1,1,.
uce-21561,1,1,1,1,.
uce-37050,1,1,1,1,.
uce-12677,1,1,1,1,.
uce-16422,1,1,1,1,.
uce-10405,1,1,1,1,.
uce-19113,.,1,1,1,1
uce-19112,.,1,1,1,1
uce-36984,.,1,1,1,1
uce-15100,1,1,1,1,.
uce-4896,1,1,1,1,.
uce-5253,.,.,1,.,.
uce-20331,1,1,1,1,.
uce-3978,1,1,1,1,1
uce-5932,.,1,1,1,1
uce-11344,1,1,1,1,.
uce-3973,1,1,1,1,.
uce-17247,1,1,1,1,.
uce-19590,.,.,.,.,1
uce-10560,1,1,1,1,.
uce-10291,1,1,1,1,.
uce-5802,1,1,1,1,.
uce-20197,1,1,1,1,.
uce-21446,1,1,.,1,1
uce-20195,1,1,1,1,.
uce-19598,1,1,1,1,.
uce-30123,1,1,.,1,.
uce-10299,1,1,.,1,1
uce-20330,1,1,1,1,1
uce-37908,1,1,1,1,.
uce-12588,.,1,1,1,1
uce-11161,1,1,1,1,.
uce-36535,1,1,1,1,.
uce-12587,.,1,1,1,1
uce-37907,1,1,1,1,.
uce-37900,1,1,1,1,.
uce-37903,1,1,1,1,.
uce-3975,1,1,1,1,1
uce-26082,.,1,1,1,1
uce-14536,1,1,1,1,.
uce-14535,1,1,1,1,1
uce-20590,.,1,1,1,1
uce-30828,1,1,1,1,1
uce-8552,.,.,.,.,.
uce-15088,1,1,1,1,.
uce-26659,1,1,1,1,.
uce-6978,1,1,1,1,.
uce-23565,1,1,.,1,1
uce-32759,.,1,1,1,1
uce-15076,1,1,.,1,.
uce-4476,.,1,1,1,.
uce-24614,1,1,.,1,1
uce-8393,1,1,1,1,.
uce-8390,.,.,1,.,.
uce-8391,.,.,1,.,.
uce-18563,1,1,.,1,1
uce-32909,1,1,1,1,1
uce-23569,1,1,1,1,1
uce-23568,1,1,1,1,.
uce-10369,1,1,1,1,.
uce-5114,1,1,1,1,.
uce-11765,1,1,1,1,.
uce-4893,.,1,1,1,1
uce-25748,1,1,1,1,1
uce-22659,.,.,1,.,.
uce-21554,1,1,1,1,.
uce-6782,1,1,1,1,1
uce-27679,.,1,1,1,1
uce-27678,1,1,.,1,1
uce-26270,1,1,1,1,.
uce-21551,1,1,1,1,.
uce-21552,.,.,.,.,.
uce-21553,.,.,.,.,.
uce-27537,.,.,1,.,1
uce-22284,1,1,1,1,.
uce-11011,1,1,1,1,.
uce-27677,.,.,.,.,.
uce-26279,1,1,1,1,.
uce-27675,1,1,.,1,.
uce-792,1,1,1,1,.
uce-37870,1,1,.,1,.
uce-37872,.,.,1,.,.
uce-37873,.,1,1,1,1
uce-26076,1,1,1,1,.
uce-37875,.,1,1,1,1
uce-37878,1,1,1,1,.
uce-32997,1,1,1,1,.
uce-36059,1,1,1,1,1
uce-35155,1,1,1,1,.
uce-29091,1,1,1,1,.
uce-13985,.,1,1,1,1
uce-14627,1,1,1,1,1
uce-35154,1,1,1,1,1
uce-3564,1,1,1,1,.
uce-32907,1,1,1,1,.
uce-29927,1,1,1,1,.
uce-9191,1,1,1,1,.
uce-29920,1,1,.,1,.
uce-26019,1,1,1,1,.
uce-4734,1,1,1,1,.
uce-4227,1,1,1,1,.
uce-5609,1,1,1,1,1
uce-35659,1,1,1,1,1
uce-24508,1,1,1,1,.
uce-39704,1,1,1,1,.
uce-31504,1,1,.,1,.
uce-21439,1,1,1,1,1
uce-26470,1,1,1,1,1
uce-35150,1,1,1,1,1
uce-25922,1,1,1,1,.
uce-25927,.,.,.,.,1
uce-25928,.,.,.,.,.
uce-22816,.,1,1,1,1
uce-22592,1,1,1,1,.
uce-30905,1,1,.,1,1
uce-30904,1,1,1,1,1
uce-22597,1,1,1,1,.
uce-30909,1,1,1,1,.
uce-30908,1,1,.,1,1
uce-24744,1,1,1,1,.
uce-3245,.,1,1,1,1
uce-37274,.,1,1,1,1
uce-37275,.,1,1,1,1
uce-24300,.,1,1,1,.
uce-15915,1,1,.,1,1
uce-29605,1,1,1,1,1
uce-15669,1,1,1,1,.
uce-15919,1,1,1,1,.
uce-32180,1,1,1,1,.
uce-3728,1,1,1,1,.
uce-29727,1,1,1,1,1
uce-29726,1,1,1,1,.
uce-31161,1,1,1,1,.
uce-23347,1,1,1,1,1
uce-3537,.,1,1,1,1
uce-14474,1,1,1,1,.
uce-9578,.,1,1,1,.
uce-5320,1,1,1,1,1
uce-23955,1,1,1,1,1
uce-2544,1,1,1,1,1
uce-28986,1,1,1,1,.
uce-28987,1,1,1,1,.
uce-28988,1,1,1,1,.
uce-7042,1,1,.,1,1
uce-20131,1,1,.,1,1
uce-9738,.,1,1,1,.
uce-34739,.,.,.,.,1
uce-7044,1,1,1,1,1
uce-20607,.,.,.,.,.
uce-9926,.,1,1,1,1
uce-20605,.,.,.,.,.
uce-17538,1,1,1,1,.
uce-37116,.,.,.,1,.
uce-40467,.,1,1,1,.
uce-40466,1,1,1,1,.
uce-3380,1,1,1,1,.
uce-36421,1,1,1,1,.
uce-21736,1,1,1,1,.
uce-17530,1,1,1,1,.
uce-179,1,1,1,1,.
uce-178,1,1,1,1,.
uce-12060,1,1,1,1,.
uce-33107,.,1,1,1,1
uce-777,1,1,.,1,1
uce-32987,.,.,.,.,.
uce-32986,.,.,.,.,.
uce-21159,.,1,1,1,1
uce-15039,1,1,1,1,1
uce-7898,1,1,1,1,.
uce-26290,1,1,1,1,1
uce-14714,1,1,1,1,.
uce-2493,.,.,.,.,.
uce-2492,.,.,.,.,.
uce-28516,1,1,1,1,1
uce-778,1,1,1,1,.
uce-40731,1,1,1,1,1
uce-30270,.,.,.,.,.
uce-29583,1,1,1,1,.
uce-4765,1,1,1,1,.
uce-25265,.,1,1,1,1
uce-28529,1,1,.,1,.
uce-14840,1,1,1,1,.
uce-4764,1,1,1,1,.
uce-2163,1,1,.,1,1
uce-32292,1,1,1,1,.
uce-40063,1,1,1,1,.
uce-40062,.,1,1,1,1
uce-8950,1,1,.,.,1
uce-8955,1,1,1,1,1
uce-490,1,1,1,1,.
uce-40205,.,1,1,1,1
uce-9540,1,1,1,1,.
uce-40206,.,1,1,1,1
uce-9422,1,1,1,1,.
uce-32559,1,1,1,1,.
uce-29213,1,1,1,1,1
uce-9429,1,1,1,1,1
uce-16102,.,.,.,.,.
uce-37066,1,1,1,1,.
uce-17384,1,1,1,1,.
uce-38066,.,1,1,1,1
uce-30574,1,1,1,1,1
uce-1865,1,1,1,1,1
uce-17403,1,1,.,1,1
uce-36511,1,1,1,1,1
uce-27882,1,1,1,1,.
uce-3941,.,.,.,.,1
uce-6804,1,1,1,1,1
uce-6805,1,1,1,1,.
uce-24624,1,1,.,1,1
uce-467,1,1,1,1,.
uce-8036,1,1,1,1,.
uce-39196,.,.,1,.,.
uce-33966,1,1,1,1,.
uce-1606,1,1,1,1,.
uce-1605,1,1,1,1,.
uce-33965,1,1,1,1,.
uce-1603,1,1,1,.,.
uce-34571,1,1,1,1,1
uce-6489,.,.,1,1,.
uce-23969,1,1,1,1,.
uce-34578,1,1,1,1,.
uce-31059,1,1,1,1,.
uce-24296,1,1,1,1,1
uce-33969,.,1,1,1,1
uce-34772,1,1,1,1,.
uce-30266,1,1,.,1,1
uce-17754,1,1,1,1,.
uce-466,1,1,1,1,.
uce-1591,1,1,1,1,1
uce-6642,1,1,1,1,.
uce-30269,.,.,.,.,.
uce-1599,1,1,1,1,.
uce-22612,.,.,.,.,.
uce-22613,.,.,.,.,.
uce-38388,1,1,1,1,1
uce-20469,1,.,1,.,.
uce-25108,1,1,1,1,.
uce-20467,1,1,1,1,1
uce-40683,1,1,1,1,1
uce-38289,1,1,1,1,.
uce-25101,1,1,1,1,.
uce-38441,1,1,1,1,1
uce-19964,1,1,1,1,.
uce-1910,1,1,1,1,.
uce-19962,.,1,1,1,1
uce-38446,1,1,1,1,1
uce-38447,1,1,1,1,.
uce-29781,.,.,.,.,1
uce-38118,1,1,1,1,.
uce-6244,1,1,1,1,1
uce-38621,.,.,.,.,.
uce-35352,1,1,1,1,.
uce-12933,1,1,1,1,.
uce-12934,1,1,1,1,.
uce-35424,1,1,1,1,1
uce-18501,1,1,1,1,.
uce-18500,1,1,1,1,1
uce-20456,1,1,1,1,.
uce-3831,.,1,1,1,1
uce-25248,1,1,1,1,.
uce-25249,1,1,1,1,.
uce-12735,1,1,1,1,1
uce-34115,1,1,1,1,.
uce-25134,1,1,1,1,.
uce-8702,1,1,1,1,1
uce-25240,1,1,.,1,.
uce-32423,1,1,1,1,.
uce-26278,1,1,1,1,.
uce-26843,1,1,1,1,1
uce-25247,1,1,1,1,.
uce-2830,1,.,1,.,.
uce-1670,1,1,1,1,.
uce-29930,1,1,1,1,.
uce-21237,1,1,1,1,.
uce-37486,.,1,1,1,1
uce-26919,.,1,1,1,1
uce-21238,1,1,1,1,1
uce-10996,1,1,1,1,.
uce-24341,1,1,.,1,1
uce-10622,.,1,1,1,1
uce-10992,1,1,.,1,1
uce-38629,1,1,1,1,.
uce-30594,1,1,1,1,.
uce-13533,.,.,1,.,.
uce-13532,.,.,1,.,.
uce-12003,1,1,1,1,.
uce-35517,1,1,1,1,1
uce-35516,1,1,1,1,1
uce-37640,1,1,1,1,.
uce-16365,1,1,.,1,1
uce-25463,.,1,1,1,1
uce-18613,.,1,1,1,1
uce-15264,1,1,.,1,1
uce-18346,1,1,1,1,.
uce-39406,.,.,.,.,.
uce-18343,1,1,1,1,.
uce-39404,1,1,1,1,.
uce-38930,1,1,1,1,.
uce-35224,1,1,1,1,.
uce-6221,.,.,.,.,1
uce-5347,1,1,1,1,.
uce-35252,1,1,1,1,.
uce-35220,1,1,1,1,.
uce-23740,1,1,1,1,.
uce-35229,1,1,1,1,1
uce-19596,1,1,1,1,.
uce-5571,1,1,1,1,.
uce-26399,1,1,1,1,1
uce-17192,1,1,1,1,.
uce-9558,1,1,1,1,.
uce-34360,1,1,1,1,.
uce-26825,1,1,.,1,1
uce-21835,1,1,1,1,.
uce-2434,1,1,.,1,1
uce-26840,1,1,1,1,.
uce-25420,1,1,1,1,1
uce-30280,1,1,1,1,.
uce-30281,1,1,1,1,.
uce-31417,1,1,1,1,.
uce-13154,1,1,1,1,.
uce-21839,.,1,.,1,1
uce-19108,1,1,1,1,1
uce-1728,1,1,1,1,.
uce-10178,1,1,1,1,.
uce-33581,.,.,.,.,.
uce-33582,.,.,.,.,.
uce-27245,1,1,1,1,.
uce-10172,1,1,1,1,1
uce-10170,1,1,.,1,.
uce-36992,1,1,1,1,1
uce-38858,1,1,.,1,.
uce-37201,1,1,.,1,1
uce-33744,1,1,1,1,.
uce-21768,.,1,1,1,1
uce-33748,1,1,.,1,1
uce-33749,1,1,1,1,1
uce-29294,1,1,1,1,1
uce-37199,1,1,1,1,.
uce-8644,1,1,1,1,.
uce-34915,.,.,.,.,.
uce-18242,1,1,1,1,1
uce-18299,1,1,1,1,1
uce-18298,1,1,1,1,1
uce-10282,.,1,.,1,1
uce-929,.,1,1,.,.
uce-34913,.,.,.,.,.
uce-5746,1,1,1,1,.
uce-11573,1,1,1,1,1
uce-21908,.,.,1,.,.
uce-38034,1,1,1,1,.
uce-5291,1,1,1,1,.
uce-5292,1,1,.,1,1
uce-19583,1,1,.,1,1
uce-11578,1,1,1,1,.
uce-34911,.,.,.,.,.
uce-19588,1,1,1,1,.
uce-21906,.,.,.,.,1
uce-22213,1,1,1,1,1
uce-2207,.,1,1,1,1
uce-32679,1,1,1,1,.
uce-23150,1,1,.,1,1
uce-21378,1,1,1,1,.
uce-34660,1,1,.,1,.
uce-31967,1,1,1,1,1
uce-36194,1,1,1,1,1
uce-19361,1,1,1,1,.
uce-11397,1,1,1,1,.
uce-8094,.,1,1,1,1
uce-29770,1,1,1,1,.
uce-3665,1,1,1,1,1
uce-38380,1,1,.,1,1
uce-8549,1,1,1,1,.
uce-23331,.,.,1,.,.
uce-23570,1,1,.,1,1
uce-34904,1,1,1,1,.
uce-31427,1,1,.,1,1
uce-19561,1,1,1,1,.
uce-8492,1,1,1,1,.
uce-8542,1,1,1,.,1
uce-23576,1,1,1,1,1
uce-15005,.,.,.,.,.
uce-15004,.,.,.,.,.
uce-9894,.,1,.,1,.
uce-40105,1,1,1,1,.
uce-8389,1,1,1,1,1
uce-14553,1,1,1,1,.
uce-15003,1,1,1,1,.
uce-4342,1,1,1,1,1
uce-32764,1,1,1,1,1
uce-8381,1,1,.,1,1
uce-5127,1,1,1,1,.
uce-8383,1,1,.,1,1
uce-25756,1,1,1,1,1
uce-8379,.,1,1,1,1
uce-5906,1,1,1,1,.
uce-14809,1,1,1,1,1
uce-5901,1,1,1,1,.
uce-5902,.,1,1,1,.
uce-5903,1,1,1,1,.
uce-26123,1,1,1,1,.
uce-30869,1,1,1,1,.
uce-27664,1,1,1,1,.
uce-783,.,1,1,1,1
uce-16296,1,1,1,1,.
uce-27661,1,1,1,1,.
uce-22291,1,1,1,1,.
uce-24946,.,.,1,.,1
uce-29258,1,1,1,1,.
uce-12286,1,1,1,1,.
uce-26590,1,1,1,1,1
uce-547,1,1,1,1,1
uce-37809,1,1,1,1,.
uce-541,1,1,1,1,.
uce-4239,1,1,1,1,1
uce-9968,1,1,1,1,1
uce-14612,1,1,.,1,1
uce-39151,1,1,1,1,.
uce-4230,1,1,1,1,.
uce-4233,1,1,1,1,.
uce-31366,1,1,1,1,1
uce-9966,1,1,1,1,1
uce-4234,.,.,1,.,.
uce-33564,.,.,.,.,.
uce-26442,1,1,1,1,.
uce-26441,1,1,1,1,1
uce-26440,1,1,1,1,1
uce-24571,.,1,1,1,1
uce-35049,1,1,1,1,.
uce-26445,1,1,1,1,.
uce-5639,.,1,1,1,1
uce-11152,1,1,1,1,.
uce-7437,.,.,.,.,1
uce-29251,1,1,1,1,1
uce-11154,1,1,1,1,.
uce-25932,.,.,.,.,.
uce-25933,.,.,.,.,.
uce-20726,1,1,1,1,.
uce-27378,1,1,1,1,1
uce-25934,.,.,.,.,1
uce-7292,1,1,1,1,.
uce-11180,.,1,1,1,1
uce-25939,1,1,1,1,.
uce-36453,.,.,1,.,.
uce-13698,1,1,1,1,1
uce-30913,1,1,1,1,.
uce-18997,1,1,1,1,1
uce-22110,1,1,1,1,.
uce-37478,1,1,.,1,.
uce-32355,1,1,1,1,1
uce-15905,1,1,1,1,.
uce-23190,1,1,1,1,.
uce-22343,.,1,1,1,1
uce-15676,1,1,1,1,.
uce-22345,1,1,1,1,.
uce-13889,1,1,1,1,.
uce-23195,1,1,1,1,.
uce-22348,.,.,.,.,.
uce-26935,.,1,1,1,.
uce-34464,1,1,1,1,.
uce-16595,.,1,1,1,.
uce-2710,.,1,1,1,1
uce-4312,1,1,1,1,.
uce-12504,1,1,1,1,1
uce-33747,1,1,1,1,1
uce-29734,1,1,1,1,.
uce-29735,1,1,1,1,.
uce-37020,1,1,.,1,.
uce-29730,.,.,.,.,.
uce-29731,.,.,.,.,1
uce-29732,1,1,1,1,1
uce-4653,1,1,1,1,1
uce-19482,1,1,1,1,.
uce-29738,1,1,1,1,1
uce-40674,1,1,1,1,1
uce-3494,1,1,1,1,.
uce-3009,1,1,.,1,1
uce-2537,1,1,.,1,1
uce-2530,1,1,1,1,.
uce-27925,1,1,1,1,.
uce-9700,1,1,1,1,.
uce-21432,1,1,1,1,.
uce-20610,1,.,.,1,.
uce-10987,1,1,1,1,.
uce-7074,1,1,1,1,.
uce-7072,1,1,1,1,1
uce-436,1,1,1,1,.
uce-22851,.,1,1,1,1
uce-12052,1,1,1,1,.
uce-12050,1,1,1,1,.
uce-38619,.,.,.,.,.
uce-17529,1,1,1,1,.
uce-26139,1,1,1,1,1
uce-38614,1,1,1,1,.
uce-26135,.,.,.,.,.
uce-38616,1,1,1,1,.
uce-26133,1,1,1,1,.
uce-10888,.,1,1,1,1
uce-38613,1,1,1,1,.
uce-36452,.,.,.,.,1
uce-32994,1,1,1,1,.
uce-28862,.,.,.,.,.
uce-28861,.,.,.,.,.
uce-27928,1,1,1,1,.
uce-32991,.,.,.,.,.
uce-32992,.,.,.,.,.
uce-32993,1,1,1,1,.
uce-29590,.,.,1,.,1
uce-36292,.,1,1,1,1
uce-28869,1,1,1,1,.
uce-21584,1,1,1,1,1
uce-32998,.,.,1,.,.
uce-32999,.,.,1,.,.
uce-9632,1,1,.,1,.
uce-20812,1,1,.,1,1
uce-38617,1,1,1,1,.
uce-9631,1,1,.,1,.
uce-2625,1,1,1,1,1
uce-2626,1,1,1,1,1
uce-2155,1,1,1,1,.
uce-30581,.,1,1,1,.
uce-8611,1,1,1,1,.
uce-8610,1,1,1,1,.
uce-17834,.,.,1,.,.
uce-17835,1,1,1,1,.
uce-8947,1,1,1,1,.
uce-1453,1,1,1,1,.
uce-1450,.,1,1,1,1
uce-38650,1,1,1,1,1
uce-9413,1,1,1,1,.
uce-9410,1,1,1,1,.
uce-9416,1,1,1,1,.
uce-9414,1,1,1,1,1
uce-20817,1,1,1,1,.
uce-390,1,1,1,1,.
uce-40213,.,1,1,1,1
uce-20505,1,1,1,1,.
uce-36467,1,1,1,1,.
uce-11136,1,1,1,1,1
uce-9387,1,1,1,1,1
uce-12127,1,1,1,1,1
uce-38720,1,1,1,1,.
uce-3953,.,.,.,.,.
uce-3952,.,.,.,.,.
uce-17414,1,1,1,1,1
uce-38056,1,1,1,1,.
uce-1854,1,.,1,1,.
uce-12120,1,1,1,1,.
uce-33009,1,1,1,1,.
uce-38728,.,1,1,1,1
uce-21702,1,1,1,1,.
uce-21059,.,1,1,1,1
uce-12129,1,1,1,1,.
uce-12128,1,1,1,1,1
uce-6078,1,1,.,1,.
uce-6810,1,1,1,1,.
uce-15492,.,1,1,1,.
uce-15493,1,1,1,1,.
uce-16696,1,1,1,1,.
uce-1738,1,1,1,1,.
uce-19751,1,1,1,1,.
uce-6491,.,.,1,1,.
uce-14765,.,1,1,1,1
uce-7096,.,.,.,.,.
uce-21667,.,.,.,.,.
uce-7708,1,1,1,1,.
uce-7709,1,1,1,1,1
uce-6653,1,1,1,1,.
uce-34293,1,1,1,1,.
uce-7701,.,.,.,.,.
uce-7702,.,.,.,.,.
uce-9562,1,1,1,1,.
uce-32989,1,1,1,1,.
uce-34748,1,1,1,1,.
uce-20470,.,.,1,.,.
uce-20471,1,1,1,1,1
uce-20473,1,1,.,1,1
uce-22623,1,1,1,1,1
uce-25117,1,1,1,1,.
uce-19306,1,1,1,1,1
uce-40694,1,1,1,1,.
uce-27985,.,.,.,.,.
uce-1927,1,1,.,1,1
uce-28648,.,.,.,.,.
uce-38431,1,1,1,1,.
uce-1923,1,1,.,1,1
uce-34345,1,1,.,.,1
uce-38120,1,1,1,1,.
uce-31928,.,1,1,1,1
uce-37819,1,1,1,1,1
uce-28647,.,.,.,.,.
uce-4237,1,1,1,1,.
uce-14292,1,1,1,1,.
uce-14291,.,.,.,.,.
uce-14290,.,.,.,.,.
uce-35436,1,1,1,1,1
uce-14296,.,1,1,1,1
uce-33417,1,1,1,1,.
uce-15214,1,1,1,1,.
uce-14299,1,1,1,1,1
uce-14052,1,1,1,1,.
uce-31107,1,1,1,1,.
uce-5715,1,1,1,1,.
uce-13094,.,.,.,.,.
uce-13095,.,.,.,.,.
uce-2844,1,1,1,1,.
uce-2846,1,1,1,1,.
uce-35288,1,1,1,1,1
uce-2840,1,1,1,1,1
uce-10616,1,1,1,1,1
uce-29097,.,1,1,1,1
uce-34436,1,1,1,1,.
uce-10968,1,1,1,1,1
uce-976,1,1,1,1,1
uce-203,1,1,1,1,1
uce-26871,.,.,1,.,.
uce-16737,1,1,1,1,1
uce-18426,1,1,1,1,.
uce-39237,1,1,1,1,.
uce-39232,1,1,1,1,.
uce-35509,.,1,1,1,1
uce-35506,1,1,1,1,.
uce-37659,1,1,1,1,.
uce-1631,1,1,1,1,.
uce-7892,1,1,1,1,1
uce-38544,1,1,1,1,.
uce-16738,1,1,1,1,.
uce-16739,1,1,1,1,1
uce-996,1,1,1,1,.
uce-38929,1,1,1,1,1
uce-19770,1,1,1,1,.
uce-35230,1,1,1,1,1
uce-12439,1,1,1,1,.
uce-32512,1,1,1,1,.
uce-32513,.,.,.,.,.
uce-32514,.,.,.,.,.
uce-18353,1,1,1,1,.
uce-39144,1,1,1,1,.
uce-998,1,1,1,1,.
uce-1144,1,1,1,1,1
uce-1146,.,1,1,1,1
uce-5560,1,1,1,1,1
uce-11642,1,1,1,1,.
uce-13086,1,1,1,1,1
uce-20065,.,.,1,.,.
uce-15358,1,1,1,1,.
uce-23754,.,1,1,1,.
uce-33419,.,.,.,.,1
uce-18190,1,1,1,1,.
uce-18191,.,.,1,.,.
uce-18192,.,.,1,.,.
uce-8160,1,1,1,1,.
uce-32539,.,1,1,1,1
uce-8826,1,1,1,1,.
uce-20267,.,.,.,.,.
uce-20266,.,.,.,.,.
uce-8827,1,1,1,1,1
uce-31082,1,1,1,1,1
uce-31081,.,1,1,1,.
uce-26837,1,1,1,1,.
uce-39438,.,1,1,1,1
uce-26830,1,1,1,1,.
uce-6351,1,1,1,1,.
uce-13414,1,1,.,1,1
uce-13141,1,1,1,1,.
uce-16427,1,1,1,1,.
uce-16424,.,1,1,1,1
uce-11149,1,1,1,1,.
uce-20123,.,1,1,1,1
uce-19170,1,1,1,1,1
uce-19173,1,1,1,1,.
uce-33777,1,1,1,1,.
uce-24647,1,1,1,1,.
uce-18773,1,1,.,1,1
uce-32608,.,1,1,1,1
uce-32609,1,1,1,1,.
uce-24748,1,1,1,1,.
uce-39707,1,1,.,1,1
uce-18778,1,.,.,.,.
uce-14472,.,.,.,.,.
uce-14471,.,.,.,.,.
uce-24745,1,1,1,1,1
uce-24742,.,.,1,.,.
uce-24743,.,.,1,.,.
uce-7439,1,1,1,1,1
uce-32603,1,1,1,1,.
uce-19362,1,1,.,1,.
uce-7731,1,1,1,1,.
uce-6900,1,1,1,1,1
uce-11814,1,1,1,1,.
uce-18287,1,1,1,1,1
uce-13701,1,1,1,1,.
uce-14270,1,1,1,1,.
uce-7733,1,1,1,1,.
uce-25699,1,1,1,1,1
uce-10544,.,.,.,.,.
uce-5284,1,1,1,1,.
uce-11142,.,.,.,.,.
uce-11565,1,1,1,1,1
uce-8983,1,1,1,1,.
uce-11569,.,1,1,1,1
uce-21910,1,1,1,1,.
uce-17064,1,1,1,1,.
uce-35243,.,.,.,.,.
uce-22658,1,1,1,1,1
uce-27475,1,1,1,1,1
uce-33484,1,1,1,1,1
uce-9510,1,1,1,1,.
uce-3311,1,1,1,1,.
uce-34584,1,1,1,1,.
uce-19001,.,1,1,1,1
uce-22656,1,1,1,1,.
uce-12723,.,1,1,1,1
uce-12722,.,1,1,1,1
uce-23509,1,1,1,1,1
uce-12724,.,1,1,1,1
uce-16654,1,1,1,1,1
uce-9880,1,1,1,1,.
uce-19555,1,1,1,1,.
uce-23670,1,1,1,1,.
uce-31432,1,1,1,1,.
uce-31433,1,1,1,1,.
uce-34910,.,.,.,.,.
uce-9886,1,1,1,1,.
uce-30425,1,1,1,.,1
uce-15012,1,1,1,1,.
uce-32775,1,1,1,1,1
uce-10182,1,1,1,1,1
uce-8378,.,1,1,1,1
uce-22652,1,1,1,1,.
uce-22998,1,1,1,1,.
uce-5131,1,1,1,1,.
uce-5132,1,1,1,1,.
uce-21118,1,1,.,1,1
uce-7636,1,1,1,1,.
uce-11700,1,1,1,1,.
uce-3648,1,1,.,1,1
uce-9518,1,1,1,1,1
uce-19520,1,1,1,1,.
uce-17391,1,1,1,1,.
uce-38371,.,1,1,1,1
uce-30852,1,1,1,1,.
uce-3496,1,1,1,1,.
uce-27695,1,1,1,1,.
uce-16529,1,1,1,1,1
uce-13305,1,1,1,1,.
uce-16287,.,1,1,1,1
uce-16937,1,1,.,1,.
uce-3499,.,.,.,.,.
uce-26586,.,1,1,.,.
uce-33390,1,1,1,1,1
uce-33393,1,1,1,1,1
uce-14601,1,.,.,1,1
uce-27054,1,1,.,1,.
uce-575,.,1,1,1,1
uce-27052,1,1,1,1,.
uce-37818,.,1,1,1,1
uce-26589,1,1,1,1,.
uce-29901,1,1,1,1,.
uce-31721,1,1,1,1,1
uce-29905,1,1,1,1,1
uce-7844,1,1,1,1,1
uce-3548,1,1,1,1,.
uce-4240,1,1,1,1,.
uce-9970,1,1,1,1,.
uce-9973,1,1,1,1,.
uce-22824,.,1,1,1,.
uce-24566,1,1,1,1,.
uce-8285,1,1,1,1,1
uce-5623,1,1,1,1,.
uce-11148,1,1,1,1,.
uce-38821,1,1,1,1,1
uce-24560,1,1,1,1,1
uce-27185,1,1,1,1,.
uce-11145,1,1,1,1,.
uce-17039,1,1,1,1,.
uce-11141,1,1,1,1,.
uce-24959,1,1,1,1,.
uce-11143,.,.,.,.,.
uce-22624,1,1,1,1,1
uce-25905,1,1,1,1,.
uce-25904,1,1,1,1,1
uce-26638,1,1,1,1,1
uce-21501,.,.,1,.,.
uce-29692,1,1,1,1,.
uce-18849,1,1,1,1,1
uce-27037,1,1,1,1,.
uce-26631,1,1,1,1,.
uce-26632,1,1,.,1,1
uce-15566,1,1,1,1,.
uce-30924,1,1,1,1,.
uce-30923,1,1,1,1,.
uce-10831,1,1,1,1,.
uce-31890,1,1,1,1,.
uce-31893,1,1,1,1,1
uce-31894,.,.,1,.,.
uce-31895,.,.,1,.,.
uce-31896,1,1,1,1,.
uce-38799,1,1,1,1,.
uce-13894,1,1,1,1,.
uce-22330,1,1,1,1,1
uce-2707,.,.,.,.,.
uce-8753,1,1,1,1,1
uce-27256,.,1,1,1,1
uce-2702,1,1,1,1,.
uce-13941,1,1,1,1,1
uce-23327,1,1,1,1,.
uce-4885,1,1,1,1,.
uce-4667,1,1,1,1,.
uce-4888,1,1,1,1,1
uce-4889,1,1,1,1,1
uce-8850,1,1,1,1,.
uce-38011,.,.,1,.,.
uce-30191,1,1,1,1,.
uce-29477,1,1,1,1,.
uce-20667,.,1,1,1,1
uce-29474,1,.,.,.,1
uce-20661,1,1,1,1,.
uce-29471,1,1,1,1,.
uce-26120,1,1,1,1,1
uce-4869,1,1,.,1,.
uce-27599,.,.,.,.,.
uce-26124,1,1,1,1,1
uce-26055,1,1,1,1,1
uce-198,.,.,.,.,.
uce-4860,1,1,1,1,.
uce-22331,1,1,1,1,.
uce-38604,1,1,1,1,1
uce-38603,1,1,1,1,.
uce-40449,.,.,.,.,.
uce-40448,.,.,1,.,.
uce-34804,1,1,1,1,1
uce-21593,1,1,1,1,.
uce-27839,.,1,1,1,1
uce-1727,1,1,1,1,1
uce-39644,.,1,1,1,.
uce-15805,1,1,1,1,.
uce-15807,1,1,.,1,1
uce-29870,1,1,1,1,1
uce-14862,1,1,1,1,.
uce-28507,1,1,1,1,1
uce-29058,1,1,1,1,1
uce-7449,1,1,1,1,.
uce-2706,.,.,.,.,1
uce-23031,1,1,1,1,.
uce-34800,1,1,1,1,.
uce-29057,1,1,1,1,1
uce-3721,1,1,.,1,1
uce-10277,1,1,1,1,.
uce-14068,1,1,1,1,.
uce-17459,1,1,1,1,.
uce-6714,.,1,1,1,1
uce-9408,1,.,1,.,1
uce-28892,1,1,1,1,1
uce-9404,1,1,1,1,.
uce-28896,1,1,1,1,1
uce-28894,1,1,1,1,1
uce-28895,1,1,1,1,1
uce-22744,1,1,1,1,.
uce-22745,1,1,1,1,1
uce-7663,1,1,.,1,1
uce-7662,1,1,1,1,1
uce-16125,.,.,.,.,.
uce-12130,1,1,1,1,.
uce-31839,1,1,1,1,.
uce-37006,1,1,1,1,.
uce-12135,.,.,.,.,1
uce-7669,1,1,1,1,1
uce-7668,1,1,1,1,1
uce-38730,.,1,1,1,1
uce-33011,1,1,1,1,1
uce-33016,1,1,1,1,.
uce-27867,1,1,1,1,.
uce-38734,1,1,1,1,1
uce-1842,1,1,1,1,1
uce-6822,.,.,1,.,.
uce-6823,.,.,1,.,1
uce-36463,1,1,.,1,1
uce-24984,1,1,1,1,1
uce-24985,1,1,1,1,.
uce-39456,1,1,1,1,.
uce-16500,.,1,1,1,1
uce-9710,1,1,1,1,1
uce-2949,1,1,1,1,.
uce-28473,.,.,.,.,.
uce-28474,.,.,.,.,1
uce-31067,1,1,1,1,1
uce-35867,1,1,1,1,1
uce-35866,1,1,1,1,.
uce-34758,.,1,1,1,1
uce-14225,1,1,1,1,1
uce-22649,.,.,1,.,1
uce-369,1,1,1,1,1
uce-28098,1,1,1,1,1
uce-28099,1,1,1,1,1
uce-31060,1,1,1,1,.
uce-30448,.,.,.,.,.
uce-22639,1,1,1,1,.
uce-9573,1,1,1,1,.
uce-9572,.,1,1,1,.
uce-28255,1,1,.,1,1
uce-40474,1,1,1,1,1
uce-6623,1,1,1,1,.
uce-7713,1,1,.,1,.
uce-7712,1,1,1,1,.
uce-24960,1,1,.,1,1
uce-7710,1,1,1,1,.
uce-7716,1,1,1,1,.
uce-7715,1,1,1,1,.
uce-7714,1,1,1,1,.
uce-20405,.,.,.,.,1
uce-1938,1,1,1,1,1
uce-20407,1,1,1,1,.
uce-25838,1,1,1,1,.
uce-20401,1,1,1,1,1
uce-19949,1,1,1,1,.
uce-10810,1,1,.,1,1
uce-10812,1,1,1,1,1
uce-38134,1,1,1,1,1
uce-8612,1,1,1,1,1
uce-32573,.,.,1,.,.
uce-27990,1,1,1,1,.
uce-1443,1,1,1,1,1
uce-1444,1,1,1,1,1
uce-28652,1,1,1,1,.
uce-35407,.,.,1,.,.
uce-35406,.,.,.,.,.
uce-35405,1,1,1,1,1
uce-35404,1,1,1,1,1
uce-34139,1,1,.,1,1
uce-20585,1,1,1,1,1
uce-1719,.,.,.,.,1
uce-1718,.,.,.,.,.
uce-23690,1,1,1,1,1
uce-23693,1,1,1,1,.
uce-36388,1,1,.,1,1
uce-21275,1,1,1,1,1
uce-4340,1,1,.,1,1
uce-17091,1,1,1,1,.
uce-14045,1,1,1,1,.
uce-14049,1,1,1,1,1
uce-25222,1,1,1,1,.
uce-2877,1,1,1,1,.
uce-7064,1,1,1,1,.
uce-31756,.,.,.,.,.
uce-24361,1,1,1,1,.
uce-24362,1,1,1,1,.
uce-16056,1,1,1,1,.
uce-25187,1,1,1,1,.
uce-10977,1,1,.,1,1
uce-24367,1,1,1,1,1
uce-214,1,1,1,1,1
uce-22925,1,1,1,1,.
uce-16700,1,1,1,1,.
uce-13551,1,1,1,1,1
uce-19591,.,.,1,.,.
uce-964,1,1,1,1,.
uce-965,1,1,1,1,.
uce-33418,.,.,.,.,.
uce-40766,.,1,1,1,1
uce-37621,1,1,1,1,.
uce-33949,1,1,1,1,1
uce-17491,1,1,1,1,1
uce-33944,1,1,1,1,.
uce-33945,.,.,.,.,.
uce-33946,.,.,.,.,.
uce-21272,1,1,1,1,.
uce-38556,1,1,1,1,.
uce-29475,1,1,1,1,1
uce-38554,1,1,1,1,1
uce-33943,.,.,1,.,.
uce-985,1,1,1,1,.
uce-36840,1,1,1,1,.
uce-13776,1,1,1,1,1
uce-18367,1,1,1,1,1
uce-981,1,1,1,1,1
uce-9471,1,1,1,1,1
uce-13279,1,1,1,1,.
uce-35245,1,1,1,1,.
uce-35244,.,.,.,.,.
uce-39175,1,1,1,1,1
uce-35710,1,1,1,1,.
uce-40812,.,.,.,.,.
uce-35715,1,1,1,1,.
uce-18163,1,1,1,1,1
uce-18164,1,1,1,1,.
uce-22644,1,1,1,1,1
uce-1912,1,1,.,1,1
uce-34914,.,.,.,.,.
uce-15899,1,1,.,1,.
uce-25598,.,.,.,.,1
uce-25599,.,.,.,.,1
uce-1158,1,1,1,1,.
uce-25352,1,1,1,1,.
uce-20270,1,1,1,1,.
uce-30495,1,1,1,1,.
uce-21858,1,1,1,1,1
uce-20274,1,1,1,1,1
uce-20275,1,1,1,1,.
uce-25359,1,1,1,1,.
uce-21852,1,1,1,1,.
uce-30493,1,1,1,1,1
uce-40444,1,1,1,1,.
uce-22814,1,1,1,1,.
uce-1275,1,1,1,1,1
uce-30492,1,.,.,1,1
uce-18565,1,1,1,1,.
uce-18567,1,1,.,1,.
uce-24510,1,1,1,1,.
uce-16411,.,.,.,1,.
uce-16410,.,.,.,.,1
uce-10156,.,1,1,1,1
uce-10924,1,1,1,1,.
uce-10158,1,1,1,1,1
uce-10159,1,1,1,1,.
uce-18705,.,.,.,.,.
uce-39774,1,1,1,1,1
uce-18707,1,1,1,1,.
uce-24777,.,1,1,1,.
uce-18700,1,1,1,1,.
uce-39773,1,1,1,1,.
uce-3819,1,1,1,1,1
uce-38254,1,1,1,1,1
uce-30494,.,1,.,.,.
uce-18708,1,1,1,1,.
uce-17994,1,1,1,1,.
uce-24170,.,1,1,1,1
uce-31542,1,1,1,1,.
uce-22078,1,1,1,1,1
uce-11821,1,1,1,1,.
uce-31541,1,1,1,1,.
uce-35397,1,1,1,1,.
uce-10555,1,1,1,1,1
uce-35394,1,1,.,.,.
uce-5720,1,1,1,1,.
uce-12049,1,1,1,1,.
uce-17078,1,1,1,1,.
uce-40732,1,1,1,1,.
uce-30150,1,1,.,1,1
uce-37905,1,1,1,1,.
uce-34527,1,1,1,1,.
uce-36441,1,1,1,1,.
uce-19764,.,1,1,1,.
uce-19765,.,.,.,.,1
uce-19766,.,.,.,.,1
uce-20066,1,1,1,1,1
uce-11244,.,1,1,1,1
uce-750,1,1,1,1,1
uce-27000,1,1,1,1,.
uce-24756,1,1,1,1,.
uce-22105,1,1,1,1,.
uce-13962,1,1,1,1,.
uce-27460,1,1,1,1,.
uce-27001,1,1,1,1,1
uce-34923,1,1,1,1,1
uce-34922,1,1,1,1,1
uce-20033,.,.,1,.,.
uce-752,1,1,1,1,.
uce-8561,.,.,.,.,1
uce-19017,1,1,1,1,.
uce-34924,1,1,1,1,.
uce-4411,1,1,1,1,.
uce-19018,1,1,1,1,1
uce-19019,.,1,1,1,1
uce-39604,1,1,.,1,.
uce-39607,1,1,1,1,.
uce-15417,1,1,1,1,.
uce-18389,1,1,1,1,.
uce-32704,1,1,1,1,.
uce-11739,1,1,1,1,1
uce-11738,1,1,1,1,.
uce-25779,1,1,1,1,1
uce-7041,1,1,.,1,.
uce-18385,1,1,1,1,1
uce-18387,1,1,1,1,1
uce-18386,1,1,.,1,1
uce-5431,.,.,.,.,.
uce-5432,.,.,.,.,.
uce-20099,1,1,1,1,.
uce-5434,.,.,.,.,1
uce-24083,1,1,1,1,.
uce-5389,.,.,.,.,.
uce-19497,.,1,1,1,1
uce-19494,1,1,1,1,.
uce-19495,1,1,1,1,.
uce-157,1,1,1,1,.
uce-5381,.,1,1,1,1
uce-30844,1,1,1,1,.
uce-30845,.,1,1,1,1
uce-562,1,1,1,1,.
uce-7834,1,1,.,1,1
uce-13621,1,1,1,1,.
uce-37823,.,.,.,.,.
uce-37822,.,.,.,.,.
uce-37821,1,1,1,1,1
uce-37820,1,.,1,1,1
uce-32402,1,1,1,1,.
uce-6760,1,1,1,1,.
uce-3489,.,1,1,1,1
uce-37392,1,1,1,1,.
uce-27040,1,1,1,1,1
uce-27041,1,1,1,1,.
uce-27042,1,1,1,1,1
uce-33381,1,1,1,1,.
uce-27044,1,1,1,1,.
uce-27518,1,1,1,1,.
uce-27519,1,1,1,1,.
uce-14670,1,1,1,1,.
uce-14673,.,1,1,1,.
uce-24410,1,1,1,1,1
uce-3555,1,1,1,1,1
uce-29915,.,.,.,.,.
uce-23200,1,1,1,1,.
uce-31714,1,1,1,1,.
uce-3551,1,1,1,1,.
uce-3553,1,1,1,1,.
uce-3552,1,1,1,1,.
uce-36068,1,1,1,1,1
uce-8550,1,1,1,1,.
uce-24551,1,1,1,1,.
uce-29919,1,1,1,1,.
uce-8551,.,.,.,.,.
uce-20892,1,1,1,1,1
uce-24798,1,1,1,1,.
uce-20890,1,1,.,1,1
uce-14863,1,1,1,1,1
uce-5650,.,.,.,.,.
uce-5651,1,1,.,1,1
uce-4095,1,1,1,1,1
uce-8553,1,1,1,1,.
uce-24795,1,1,1,1,.
uce-24794,1,1,1,1,1
uce-4092,1,1,1,1,1
uce-24597,1,1,1,1,1
uce-5298,1,1,.,1,1
uce-695,1,1,.,1,1
uce-696,1,1,1,1,1
uce-29684,1,1,1,1,.
uce-29685,1,1,1,1,.
uce-29686,1,1,1,1,1
uce-2142,1,1,1,1,.
uce-29681,1,1,1,1,.
uce-1170,1,1,1,1,.
uce-32374,1,1,1,1,.
uce-7447,1,1,1,1,.
uce-16385,1,1,1,1,.
uce-5693,1,1,1,1,.
uce-185,1,1,1,1,.
uce-32372,1,1,1,1,.
uce-14869,1,1,1,1,.
uce-26339,1,1,1,1,1
uce-32051,.,1,1,1,1
uce-27848,1,1,1,1,.
uce-15657,.,.,.,1,.
uce-2732,1,1,1,1,.
uce-14700,1,1,.,1,1
uce-24559,1,1,1,1,1
uce-32176,.,1,1,1,1
uce-32177,1,1,1,1,1
uce-32174,1,1,1,1,1
uce-25472,1,1,1,1,1
uce-12553,1,1,1,1,1
uce-12550,1,1,1,1,.
uce-32179,1,1,1,1,1
uce-8741,1,1,1,1,.
uce-24340,1,1,1,1,.
uce-25470,.,1,1,1,1
uce-23332,.,.,1,.,1
uce-23330,1,1,1,1,.
uce-15079,1,1,1,1,.
uce-4678,1,1,1,1,1
uce-24424,1,1,1,1,.
uce-24422,1,1,1,1,1
uce-5224,1,1,1,1,.
uce-3022,1,1,1,1,1
uce-19282,1,1,1,1,.
uce-20678,1,1,.,1,1
uce-20676,1,1,1,1,1
uce-3028,1,1,1,1,1
uce-20675,1,1,1,1,.
uce-2356,1,1,1,1,.
uce-38633,1,1,.,1,1
uce-36472,1,1,1,1,.
uce-33150,1,1,1,1,.
uce-33157,1,1,1,1,.
uce-24612,1,1,.,1,1
uce-38634,1,1,.,1,.
uce-4872,1,1,1,1,.
uce-24955,1,1,1,1,.
uce-7389,1,1,1,1,.
uce-36207,1,1,.,1,1
uce-30623,.,.,1,.,1
uce-20253,1,1,1,1,.
uce-3818,1,1,.,1,1
uce-748,1,1,1,1,1
uce-39481,1,1,1,1,.
uce-20254,1,1,1,1,1
uce-25747,1,1,1,1,1
uce-15810,1,1,.,1,.
uce-20255,1,1,1,1,.
uce-9405,1,1,1,1,.
uce-23028,1,1,1,1,.
uce-8632,1,1,.,1,1
uce-17448,1,1,1,1,.
uce-18149,.,1,.,1,1
uce-8637,1,1,1,1,.
uce-28893,1,1,1,1,.
uce-31976,1,1,1,1,.
uce-14818,1,1,1,1,.
uce-31971,1,1,1,1,.
uce-676,.,.,.,.,.
uce-9162,1,1,1,1,1
uce-7658,1,1,1,1,1
uce-7659,1,1,1,1,1
uce-32954,.,1,1,1,1
uce-7653,1,1,1,1,.
uce-13110,1,1,1,1,1
uce-31657,1,1,1,1,.
uce-13510,1,1,1,1,.
uce-36060,1,1,1,1,1
uce-7490,1,1,1,1,1
uce-2197,1,1,1,1,1
uce-2194,.,.,1,.,.
uce-7494,1,1,.,1,1
uce-21076,1,1,1,1,.
uce-7496,1,.,1,1,1
uce-15011,1,1,1,1,.
uce-33025,.,1,1,1,1
uce-33024,1,1,1,1,.
uce-3932,1,.,1,1,1
uce-3930,1,1,1,1,1
uce-21671,1,1,.,1,1
uce-17478,1,1,1,1,.
uce-28796,1,1,1,1,.
uce-12386,1,1,1,1,1
uce-3939,.,.,.,.,.
uce-17479,1,1,1,1,.
uce-13054,1,1,1,1,.
uce-6094,.,.,.,.,.
uce-2048,1,1,1,1,.
uce-28158,1,1,.,1,.
uce-26722,.,1,1,1,1
uce-24558,1,1,1,1,.
uce-18959,1,1,1,1,.
uce-2046,1,1,.,1,1
uce-28406,1,1,1,1,.
uce-2516,1,1,1,1,1
uce-2041,1,1,1,1,.
uce-9762,.,1,1,1,1
uce-16126,.,.,.,.,.
uce-39405,.,.,.,.,.
uce-37221,.,1,1,1,1
uce-1898,1,.,.,.,1
uce-17859,1,1,1,1,.
uce-34725,.,1,1,1,1
uce-17291,1,1,1,1,1
uce-1895,1,1,1,1,.
uce-15660,.,1,1,1,1
uce-28221,1,1,1,.,1
uce-22648,.,.,1,.,.
uce-6631,1,1,.,1,1
uce-30132,1,1,1,1,.
uce-22645,1,1,1,1,1
uce-24956,1,1,1,1,.
uce-16622,1,1,1,1,1
uce-29311,1,1,1,1,.
uce-7722,1,1,1,1,.
uce-24952,.,1,1,1,1
uce-30433,1,1,1,1,.
uce-30432,1,1,1,1,.
uce-20417,1,1,1,1,1
uce-36659,1,1,1,1,1
uce-39944,.,1,1,1,1
uce-1944,1,1,1,1,.
uce-28489,.,.,.,.,.
uce-10800,1,1,1,1,.
uce-15663,1,1,1,1,1
uce-2131,.,.,.,.,.
uce-20418,1,1,1,1,.
uce-27900,1,1,.,1,1
uce-36498,1,1,1,1,.
uce-32677,.,.,.,.,.
uce-12136,.,.,.,.,.
uce-11013,1,1,1,1,.
uce-1435,1,.,.,1,.
uce-1436,1,1,1,1,.
uce-1437,1,1,1,1,.
uce-1433,1,1,1,1,.
uce-33844,1,1,1,1,.
uce-1095,1,1,1,1,1
uce-31395,1,1,1,1,.
uce-29,1,1,1,1,.
uce-21558,1,1,1,1,.
uce-22871,.,.,.,.,.
uce-6828,1,1,1,1,.
uce-27676,.,.,.,.,.
uce-29828,1,.,1,1,1
uce-38046,1,1,.,1,1
uce-31157,.,1,1,.,1
uce-14070,1,1,1,1,.
uce-6523,1,1,1,1,.
uce-9883,1,1,1,1,.
uce-22975,1,1,1,1,.
uce-26926,1,1,1,1,1
uce-26927,1,1,1,1,.
uce-229,.,.,.,.,1
uce-26072,1,1,1,1,.
uce-16718,1,1,1,1,.
uce-13548,.,1,.,1,1
uce-13549,1,1,1,1,1
uce-103,1,1,1,1,1
uce-13543,1,1,1,1,.
uce-6895,1,1,1,1,.
uce-1387,1,1,1,1,.
uce-12891,1,1,1,1,.
uce-38568,1,1,1,1,.
uce-22009,1,1,1,1,1
uce-13386,1,1,1,1,.
uce-1389,1,1,1,1,.
uce-17540,1,1,1,1,.
uce-13382,1,1,1,1,.
uce-13383,1,1,1,1,.
uce-13766,1,1,1,1,.
uce-17541,1,1,1,1,.
uce-13762,.,1,1,1,1
uce-13763,1,1,1,1,.
uce-39167,1,1,1,1,.
uce-38963,1,1,.,1,1
uce-14384,1,1,1,1,.
uce-35706,1,1,1,1,1
uce-32572,.,.,1,.,.
uce-14380,1,1,1,1,.
uce-13768,1,1,1,1,.
uce-13769,1,1,1,1,.
uce-36029,1,.,1,1,1
uce-34656,.,.,.,.,.
uce-10499,.,1,1,1,.
uce-11942,1,1,1,1,.
uce-1361,.,1,1,1,1
uce-11948,1,.,1,1,1
uce-35092,.,1,1,1,1
uce-35093,.,1,1,1,1
uce-1555,1,1,1,1,.
uce-32389,1,1,1,1,.
uce-20245,1,1,1,1,1
uce-8104,1,1,1,1,.
uce-10709,1,1,1,1,.
uce-20242,1,1,1,1,1
uce-35868,.,1,.,1,.
uce-17265,1,1,1,1,.
uce-22865,1,1,1,1,.
uce-37529,.,1,.,1,.
uce-13166,.,1,1,1,1
uce-16409,.,.,.,.,.
uce-28463,1,1,1,1,.
uce-37521,1,1,1,1,1
uce-12965,.,1,1,1,1
uce-39541,1,1,1,1,.
uce-19621,1,1,1,1,.
uce-33470,1,1,.,1,.
uce-19623,1,1,1,1,.
uce-19622,1,1,1,1,.
uce-12637,.,.,.,.,.
uce-13987,1,1,.,1,1
uce-13613,1,1,1,1,1
uce-12638,.,.,.,.,.
uce-13614,1,1,1,1,.
uce-1232,1,1,1,1,.
uce-9820,1,1,1,1,.
uce-14588,1,1,.,1,.
uce-35675,1,1,.,1,1
uce-18710,.,1,1,1,1
uce-35677,.,.,1,.,1
uce-28462,1,1,.,1,1
uce-20468,1,1,1,1,1
uce-28363,1,1,1,1,.
uce-28472,1,1,1,1,.
uce-18719,1,1,.,1,1
uce-11548,1,1,1,1,1
uce-7641,.,.,.,.,.
uce-38908,1,1,1,1,.
uce-35388,1,1,1,1,.
uce-17288,.,1,1,1,1
uce-30161,1,1,1,1,1
uce-24169,1,1,1,1,.
uce-14252,.,.,.,.,.
uce-14251,.,.,.,.,.
uce-14250,.,.,.,.,.
uce-1392,.,.,.,.,.
uce-10013,1,1,1,1,.
uce-5091,1,1,1,1,1
uce-12456,1,1,1,1,1
uce-15236,1,1,1,1,.
uce-27846,1,1,1,1,.
uce-36890,1,1,1,1,.
uce-22131,.,.,1,.,.
uce-22130,.,.,1,.,.
uce-35603,1,1,1,1,.
uce-22135,1,1,1,1,.
uce-35494,1,1,1,1,1
uce-19535,1,1,1,1,.
uce-30000,.,.,1,.,.
uce-34936,.,.,1,.,.
uce-33622,.,.,.,.,.
uce-19952,1,1,1,1,1
uce-19533,1,1,1,1,.
uce-31413,1,1,1,1,.
uce-34325,1,1,1,1,.
uce-15037,1,1,1,1,1
uce-17444,.,1,1,1,1
uce-12709,.,.,.,.,1
uce-15033,1,1,1,1,1
uce-25781,1,1,.,1,.
uce-25780,.,1,1,1,1
uce-8355,1,1,1,1,.
uce-23868,1,1,1,1,.
uce-25787,1,1,1,1,1
uce-11724,.,1,1,1,1
uce-39595,.,1,1,1,.
uce-18390,1,1,1,1,.
uce-23119,1,1,.,1,1
uce-4736,1,1,.,1,1
uce-11722,1,1,1,1,.
uce-16245,1,1,1,1,1
uce-5391,.,.,1,.,1
uce-5390,.,.,.,.,1
uce-33621,.,.,.,.,.
uce-4737,1,1,1,1,.
uce-39576,1,1,1,1,1
uce-27214,.,.,.,.,1
uce-14324,1,1,1,1,.
uce-10861,.,1,1,1,1
uce-27210,.,.,1,.,.
uce-27213,.,.,1,.,.
uce-27212,.,.,.,.,.
uce-31765,.,1,1,1,1
uce-37839,1,1,1,1,.
uce-7518,1,1,1,1,1
uce-7448,1,1,1,1,.
uce-20930,1,1,1,1,1
uce-20933,1,1,1,1,1
uce-518,1,1,1,1,.
uce-4957,1,1,1,1,.
uce-31709,1,1,1,1,.
uce-13940,1,1,1,1,.
uce-27036,1,1,1,1,.
uce-27030,.,1,1,1,1
uce-27520,1,1,1,1,1
uce-19443,.,1,1,1,.
uce-9275,1,1,1,1,.
uce-7865,1,1,1,1,.
uce-12416,.,.,.,.,.
uce-12415,.,.,.,.,.
uce-11431,1,1,1,1,.
uce-4262,1,1,1,1,1
uce-33534,1,1,1,1,.
uce-4260,1,.,1,1,.
uce-15723,1,1,1,1,.
uce-36013,.,.,.,.,.
uce-36012,.,.,.,.,1
uce-33538,1,1,1,1,.
uce-457,1,1,1,1,.
uce-24543,1,1,1,1,.
uce-1853,1,1,1,1,.
uce-28253,.,1,1,1,1
uce-4065,1,1,1,1,.
uce-24780,1,1,1,1,.
uce-26471,1,1,1,1,1
uce-24786,.,.,.,.,.
uce-11928,.,1,1,1,1
uce-12410,1,1,.,1,1
uce-21106,1,1,1,1,.
uce-7263,.,1,1,1,1
uce-13774,1,1,1,.,1
uce-7265,1,1,1,1,.
uce-7341,1,1,1,1,.
uce-25683,.,1,1,1,1
uce-38359,.,.,.,.,.
uce-9576,1,1,1,1,.
uce-4746,1,1,1,1,.
uce-4286,1,1,1,1,.
uce-30942,1,1,1,1,.
uce-28391,1,1,1,1,1
uce-20194,1,1,1,1,.
uce-26494,1,1,1,1,.
uce-15628,1,1,1,1,.
uce-26324,1,1,1,1,1
uce-428,1,1,1,1,1
uce-426,1,1,1,1,.
uce-425,1,1,1,1,1
uce-424,1,1,1,1,1
uce-22317,1,1,1,1,1
uce-7711,1,1,1,1,1
uce-22315,1,1,1,1,1
uce-33445,1,1,1,1,.
uce-32146,1,1,1,1,1
uce-197,.,.,.,.,.
uce-12414,1,1,1,1,.
uce-35700,1,.,1,.,.
uce-6787,1,1,1,1,1
uce-33443,1,1,1,1,1
uce-21133,1,1,1,1,1
uce-21398,1,1,1,1,1
uce-36127,1,1,1,1,.
uce-32148,1,1,1,1,.
uce-6350,1,1,1,1,.
uce-24435,1,1,1,1,1
uce-24436,1,1,1,1,.
uce-24439,1,1,1,1,.
uce-18620,1,1,1,1,.
uce-3127,1,1,.,1,1
uce-35959,.,.,.,.,.
uce-3123,1,1,1,1,.
uce-20642,.,1,1,1,1
uce-37859,.,1,1,1,1
uce-17585,1,1,1,1,1
uce-3050,1,1,1,1,.
uce-3053,1,1,1,1,.
uce-40425,1,1,1,1,.
uce-30643,1,1,1,1,.
uce-40427,1,1,1,1,.
uce-22178,.,1,1,1,1
uce-38624,1,.,1,.,.
uce-38625,1,1,1,1,.
uce-38626,1,1,.,1,1
uce-38627,1,1,1,1,.
uce-38620,.,.,.,.,.
uce-26143,.,.,.,.,.
uce-38622,.,.,1,.,.
uce-38623,.,.,1,.,.
uce-4846,1,1,1,1,1
uce-38628,1,1,1,1,.
uce-4843,1,1,.,1,1
uce-29679,1,1,1,1,.
uce-13699,1,1,1,1,1
uce-18817,1,1,1,1,1
uce-30898,1,1,1,1,.
uce-29899,1,1,1,1,1
uce-731,1,1,1,1,1
uce-2612,.,1,.,1,1
uce-29785,.,1,.,1,1
uce-25388,1,1,1,1,1
uce-19342,1,1,1,1,.
uce-7464,1,1,1,1,.
uce-30902,.,1,1,1,1
uce-29077,1,1,1,1,.
uce-29074,1,1,1,1,.
uce-17537,.,.,1,.,.
uce-22594,1,1,1,1,1
uce-28302,.,.,.,.,.
uce-28303,.,.,.,.,.
uce-7271,1,1,1,1,1
uce-38133,1,1,1,1,1
uce-34726,1,1,1,1,.
uce-6983,1,1,1,1,.
uce-9173,1,1,1,1,.
uce-6731,1,1,1,1,.
uce-7133,.,1,.,1,1
uce-16450,1,1,1,1,.
uce-28308,1,1,1,1,.
uce-33751,.,1,1,1,1
uce-9179,1,1,1,1,.
uce-3844,.,1,1,1,.
uce-7642,.,.,.,.,1
uce-2181,1,1,1,1,.
uce-38719,1,1,1,1,.
uce-38965,1,1,1,1,.
uce-2182,1,1,1,1,1
uce-40734,1,1,1,1,.
uce-17536,1,1,.,1,.
uce-40739,1,1,1,1,.
uce-7482,1,1,1,1,1
uce-33032,1,1,1,1,.
uce-17447,.,.,1,.,1
uce-17446,.,.,.,.,.
uce-17445,.,.,.,.,.
uce-30009,1,1,1,1,.
uce-647,1,1,1,1,.
uce-21668,.,.,.,.,.
uce-22122,1,1,1,1,.
uce-12396,1,1,.,1,1
uce-27443,.,.,.,.,.
uce-30769,1,1,1,1,1
uce-20798,1,1,1,1,.
uce-28781,1,1,.,1,1
uce-18925,1,1,1,1,.
uce-3229,1,1,1,1,.
uce-5388,.,.,.,.,.
uce-28418,.,.,1,.,.
uce-28419,.,.,.,.,.
uce-32819,.,1,1,1,1
uce-2051,.,.,1,.,.
uce-2050,.,.,1,.,.
uce-35902,1,1,1,1,1
uce-8824,1,1,1,1,.
uce-8825,1,1,1,1,.
uce-34738,.,.,.,.,.
uce-1554,.,1,.,1,.
uce-2981,1,1,1,1,1
uce-22128,.,.,.,.,.
uce-2983,1,1,1,1,.
uce-6601,.,1,1,1,1
uce-2984,1,1,1,1,.
uce-6604,.,1,1,1,1
uce-22129,.,.,.,.,.
uce-40555,1,1,1,1,.
uce-20429,1,1,1,1,.
uce-3118,.,.,1,.,1
uce-7734,1,1,1,1,.
uce-9511,1,1,.,1,1
uce-17650,1,1,1,1,.
uce-37852,1,1,1,1,.
uce-35906,1,1,1,1,.
uce-29324,1,1,1,1,.
uce-18704,.,.,.,.,.
uce-22653,1,1,1,1,.
uce-22650,1,1,1,1,.
uce-2647,1,1,1,1,.
uce-22498,1,1,1,1,.
uce-21480,1,1,1,1,.
uce-38158,1,1,1,1,1
uce-38159,.,1,1,1,1
uce-1957,1,1,1,1,1
uce-18194,1,1,1,1,.
uce-36646,1,1,.,1,1
uce-35905,.,.,1,.,1
uce-16097,1,1,1,1,.
uce-1952,.,1,1,1,1
uce-24741,1,1,1,1,.
uce-1950,.,.,1,.,.
uce-12083,.,1,1,1,1
uce-12084,.,1,1,1,1
uce-8919,1,1,1,1,.
uce-24898,1,1,.,1,1
uce-1428,.,.,1,.,.
uce-1426,1,1,1,1,.
uce-36480,1,1,1,1,.
uce-8917,1,1,1,1,1
uce-20406,.,.,1,.,.
uce-33856,.,1,1,1,.
uce-33857,.,1,1,1,.
uce-13287,1,1,1,1,.
uce-21500,.,.,1,.,1
uce-23532,1,1,.,1,1
uce-33831,1,1,.,1,.
uce-14060,1,1,.,1,1
uce-14062,1,1,.,1,1
uce-22039,1,1,.,1,1
uce-5649,.,.,.,.,.
uce-1778,1,1,1,1,.
uce-34391,1,.,1,1,1
uce-6712,1,1,1,1,.
uce-34393,1,1,1,1,.
uce-34394,1,1,1,1,.
uce-25201,1,1,1,1,.
uce-230,1,1,1,.,.
uce-17278,1,1,1,1,1
uce-34398,.,.,.,.,.
uce-28123,1,1,1,1,.
uce-10952,.,.,.,.,.
uce-10953,.,.,.,.,1
uce-10954,.,.,.,.,.
uce-238,1,1,1,1,.
uce-36512,1,1,1,1,.
uce-18344,1,1,1,1,.
uce-10759,1,1,1,1,.
uce-24302,1,1,1,1,.
uce-820,1,1,1,1,1
uce-9193,1,1,1,1,1
uce-20034,.,.,1,.,.
uce-12882,1,1,1,1,.
uce-1716,1,1,1,1,.
uce-8460,.,1,1,1,1
uce-6160,1,1,1,1,.
uce-24309,1,1,1,1,.
uce-4205,1,1,1,1,1
uce-23695,1,1,1,1,.
uce-13373,.,1,1,1,.
uce-8347,.,1,1,1,1
uce-1393,.,.,.,.,.
uce-23694,1,.,1,1,1
uce-7995,1,1,1,1,.
uce-5618,1,1,1,1,.
uce-4124,1,1,1,1,1
uce-32541,.,.,.,.,1
uce-18449,1,1,1,1,.
uce-8645,1,1,1,1,.
uce-21271,1,1,1,1,.
uce-14399,1,1,1,1,1
uce-14394,1,1,1,1,.
uce-8461,.,1,1,1,1
uce-9517,1,1,.,1,1
uce-14393,1,1,1,1,.
uce-38972,1,1,1,1,1
uce-27571,1,1,1,1,.
uce-8138,1,1,1,1,1
uce-35062,1,1,1,1,.
uce-27907,1,1,1,1,.
uce-23782,.,1,1,1,1
uce-1373,1,1,1,1,.
uce-24706,1,1,1,1,.
uce-8130,1,1,1,1,.
uce-35031,1,1,1,1,1
uce-18499,1,1,.,1,.
uce-28405,.,.,1,.,.
uce-2179,1,1,1,1,.
uce-18148,1,1,1,1,1
uce-16071,1,1,1,1,1
uce-22581,1,1,1,1,1
uce-21879,.,.,.,.,.
uce-21878,1,1,1,1,.
uce-22646,1,1,1,1,1
uce-30267,1,1,1,1,1
uce-38888,1,1,1,1,.
uce-22875,1,1,1,1,.
uce-35469,.,1,1,1,.
uce-16470,1,1,1,1,.
uce-39575,1,.,1,.,1
uce-13112,1,1,1,1,1
uce-1081,1,1,1,1,.
uce-1080,1,1,1,1,.
uce-1083,1,1,1,1,.
uce-1082,1,1,1,1,.
uce-1364,1,1,1,1,.
uce-19632,1,1,1,1,1
uce-19630,1,1,1,1,.
uce-5006,1,1,1,1,1
uce-39744,1,1,1,1,.
uce-34033,.,1,1,1,1
uce-13628,1,1,1,1,.
uce-13627,1,1,1,1,1
uce-18722,1,1,1,1,.
uce-13625,1,.,.,1,1
uce-13624,1,1,1,1,1
uce-21895,1,1,1,1,.
uce-28376,1,1,1,1,.
uce-39755,.,1,.,1,.
uce-14482,.,.,.,.,.
uce-14483,.,.,.,.,.
uce-3307,1,1,1,1,.
uce-9730,1,1,1,1,1
uce-31568,1,1,1,1,.
uce-5094,1,1,1,1,.
uce-5095,.,.,.,.,1
uce-24787,.,.,1,.,.
uce-11841,.,.,.,1,.
uce-30723,1,1,1,1,.
uce-23659,1,1,1,1,.
uce-5252,.,.,.,.,1
uce-29914,.,.,1,.,.
uce-17296,1,1,1,1,1
uce-11538,1,1,1,1,1
uce-5705,.,1,.,1,.
uce-11535,1,1,1,1,.
uce-31363,1,1,1,1,.
uce-30177,1,1,.,1,.
uce-11531,.,1,1,1,1
uce-31367,1,1,1,1,.
uce-31364,1,1,1,1,.
uce-31365,.,1,1,1,1
uce-10003,1,1,1,1,.
uce-15900,1,1,1,1,1
uce-13758,.,1,1,1,1
uce-3516,.,1,.,1,1
uce-25004,1,1,1,1,1
uce-16501,1,1,.,1,1
uce-6845,.,1,.,1,.
uce-10009,1,1,1,1,1
uce-9739,1,1,1,1,.
uce-25238,1,1,1,1,.
uce-1384,1,1,1,1,1
uce-10228,.,.,.,.,.
uce-10229,1,.,.,1,1
uce-27337,1,1,1,1,.
uce-21092,1,1,1,1,.
uce-26936,1,1,1,1,.
uce-12710,.,.,.,.,.
uce-27209,1,1,1,1,.
uce-10226,1,1,1,1,1
uce-10227,.,.,.,.,.
uce-7169,1,1,1,1,1
uce-33632,1,.,1,1,1
uce-35118,1,1,1,1,.
uce-37429,1,1,1,1,.
uce-33631,1,1,1,1,.
uce-33636,1,1,.,1,1
uce-33637,.,.,.,.,.
uce-4479,1,1,1,1,.
uce-18038,.,1,1,1,1
uce-27243,1,1,1,1,1
uce-10976,1,1,1,1,.
uce-33638,.,.,.,.,.
uce-32720,1,1,1,1,1
uce-39623,1,1,.,1,1
uce-35117,1,1,.,1,1
uce-2852,1,1,1,1,1
uce-24531,1,1,1,1,.
uce-25790,.,.,1,.,.
uce-25796,1,1,1,1,.
uce-38669,.,1,1,1,1
uce-33719,1,1,1,1,.
uce-15286,1,1,1,1,1
uce-15284,1,1,1,1,1
uce-35287,1,1,1,1,1
uce-22924,1,1,1,1,.
uce-25552,1,1,1,1,1
uce-1162,1,1,1,1,.
uce-13554,1,1,1,1,1
uce-36264,1,1,1,1,.
uce-11993,1,1,1,1,1
uce-17791,.,1,.,1,1
uce-11991,1,1,1,1,1